#
# There is insufficient memory for the Java Runtime Environment to continue.
# Native memory allocation (mmap) failed to map 541065216 bytes for G1 virtual space
# Possible reasons:
#   The system is out of physical RAM or swap space
#   The process is running with CompressedOops enabled, and the Java Heap may be blocking the growth of the native heap
# Possible solutions:
#   Reduce memory load on the system
#   Increase physical memory or swap space
#   Check if swap backing store is full
#   Decrease Java heap size (-Xmx/-Xms)
#   Decrease number of Java threads
#   Decrease Java thread stack sizes (-Xss)
#   Set larger code cache with -XX:ReservedCodeCacheSize=
#   JVM is running with Zero Based Compressed Oops mode in which the Java heap is
#     placed in the first 32GB address space. The Java Heap base address is the
#     maximum limit for the native heap growth. Please use -XX:HeapBaseMinAddress
#     to set the Java Heap base and to place the Java Heap above 32GB virtual address.
# This output file may be truncated or incomplete.
#
#  Out of Memory Error (os_windows.cpp:3548), pid=26676, tid=28836
#
# JRE version: Java(TM) SE Runtime Environment (17.0.12+8) (build 17.0.12+8-LTS-286)
# Java VM: Java HotSpot(TM) 64-Bit Server VM (17.0.12+8-LTS-286, mixed mode, emulated-client, sharing, tiered, compressed oops, compressed class ptrs, g1 gc, windows-amd64)
# No core dump will be written. Minidumps are not enabled by default on client versions of Windows
#

---------------  S U M M A R Y ------------

Command Line: -Dfile.encoding-UTF8 -Dspring.jmx.enabled=true -Dmanagement.endpoints.jmx.exposure.include=* -Dspring.application.admin.enabled=true -Dspring.output.ansi.enabled=always -XX:TieredStopAtLevel=1 -Dspring.boot.project.name=asm_gstn_return_db_store6_pre3 -Dfile.encoding=UTF-8 -Dstdout.encoding=UTF-8 -Dstderr.encoding=UTF-8 -XX:+ShowCodeDetailsInExceptionMessages com.deloitte.AsmEwayBillApplication

Host: 13th Gen Intel(R) Core(TM) i5-13500, 20 cores, 15G,  Windows 11 , 64 bit Build 22621 (10.0.22621.3672)
Time: Thu Aug 20 11:32:04 2026 India Standard Time elapsed time: 38.122986 seconds (0d 0h 0m 38s)

---------------  T H R E A D  ---------------

Current thread (0x000002800254cd90):  VMThread "VM Thread" [stack: 0x000000ceb7300000,0x000000ceb7400000] [id=28836]

Stack: [0x000000ceb7300000,0x000000ceb7400000]
Native frames: (J=compiled Java code, j=interpreted, Vv=VM code, C=native code)
V  [jvm.dll+0x67a04a]
V  [jvm.dll+0x7da4ed]
V  [jvm.dll+0x7dbe33]
V  [jvm.dll+0x7dc4a3]
V  [jvm.dll+0x24508f]
V  [jvm.dll+0x677089]
V  [jvm.dll+0x66bd32]
V  [jvm.dll+0x301fa6]
V  [jvm.dll+0x309546]
V  [jvm.dll+0x359d2e]
V  [jvm.dll+0x359f5f]
V  [jvm.dll+0x2d9078]
V  [jvm.dll+0x2dc0e6]
V  [jvm.dll+0x2e67eb]
V  [jvm.dll+0x31a870]
V  [jvm.dll+0x7e0d9b]
V  [jvm.dll+0x7e1ad4]
V  [jvm.dll+0x7e1fed]
V  [jvm.dll+0x7e23c4]
V  [jvm.dll+0x7e2490]
V  [jvm.dll+0x78abea]
V  [jvm.dll+0x678f35]
C  [ucrtbase.dll+0x29333]
C  [KERNEL32.DLL+0x1257d]
C  [ntdll.dll+0x5af28]

VM_Operation (0x000000ceb6fff920): G1Concurrent, mode: safepoint, requested by thread 0x000002806ab9b810


---------------  P R O C E S S  ---------------

Threads class SMR info:
_java_thread_list=0x000002804f4c7170, length=37, elements={
0x0000028002552450, 0x00000280025530e0, 0x00000280025644e0, 0x0000028002565170,
0x0000028002569a70, 0x000002800256a340, 0x000002800256d480, 0x0000028002575da0,
0x00000280027017b0, 0x000002800270daa0, 0x0000028048c21080, 0x0000028048c22720,
0x0000028048d6f9f0, 0x0000028048d7d490, 0x00000280494efc50, 0x00000280494ef740,
0x00000280494f0160, 0x00000280494f0670, 0x00000280494eed20, 0x0000028049ce4080,
0x0000028049ce7830, 0x0000028049ce54c0, 0x0000028049ce8250, 0x0000028049ce4590,
0x0000028049ce8760, 0x0000028049ce8c70, 0x0000028049cea0b0, 0x0000028049ce9180,
0x0000028049ce6900, 0x0000028049ce4fb0, 0x0000028049ceba00, 0x0000028049ceaad0,
0x0000028049cea5c0, 0x0000028049ce59d0, 0x0000028049ce7320, 0x0000028049ce9ba0,
0x0000028049ce4aa0
}

Java Threads: ( => current thread )
  0x0000028002552450 JavaThread "Reference Handler" daemon [_thread_blocked, id=19692, stack(0x000000ceb7400000,0x000000ceb7500000)]
  0x00000280025530e0 JavaThread "Finalizer" daemon [_thread_blocked, id=32412, stack(0x000000ceb7500000,0x000000ceb7600000)]
  0x00000280025644e0 JavaThread "Signal Dispatcher" daemon [_thread_blocked, id=6660, stack(0x000000ceb7600000,0x000000ceb7700000)]
  0x0000028002565170 JavaThread "Attach Listener" daemon [_thread_blocked, id=32944, stack(0x000000ceb7700000,0x000000ceb7800000)]
  0x0000028002569a70 JavaThread "Service Thread" daemon [_thread_blocked, id=6864, stack(0x000000ceb7800000,0x000000ceb7900000)]
  0x000002800256a340 JavaThread "Monitor Deflation Thread" daemon [_thread_blocked, id=10168, stack(0x000000ceb7900000,0x000000ceb7a00000)]
  0x000002800256d480 JavaThread "C1 CompilerThread0" daemon [_thread_blocked, id=32248, stack(0x000000ceb7a00000,0x000000ceb7b00000)]
  0x0000028002575da0 JavaThread "Sweeper thread" daemon [_thread_blocked, id=25972, stack(0x000000ceb7b00000,0x000000ceb7c00000)]
  0x00000280027017b0 JavaThread "Notification Thread" daemon [_thread_blocked, id=28608, stack(0x000000ceb7f00000,0x000000ceb8000000)]
  0x000002800270daa0 JavaThread "Common-Cleaner" daemon [_thread_blocked, id=29820, stack(0x000000ceb8100000,0x000000ceb8200000)]
  0x0000028048c21080 JavaThread "RMI TCP Accept-0" daemon [_thread_in_native, id=35416, stack(0x000000ceb8d00000,0x000000ceb8e00000)]
  0x0000028048c22720 JavaThread "RMI TCP Connection(idle)" daemon [_thread_blocked, id=9020, stack(0x000000ceb8e00000,0x000000ceb8f00000)]
  0x0000028048d6f9f0 JavaThread "RMI Scheduler(0)" daemon [_thread_blocked, id=35648, stack(0x000000ceb8f00000,0x000000ceb9000000)]
  0x0000028048d7d490 JavaThread "JMX server connection timeout 29" daemon [_thread_blocked, id=33692, stack(0x000000ceb9000000,0x000000ceb9100000)]
  0x00000280494efc50 JavaThread "Catalina-utility-1" [_thread_blocked, id=27064, stack(0x000000ceb8c00000,0x000000ceb8d00000)]
  0x00000280494ef740 JavaThread "Catalina-utility-2" [_thread_blocked, id=35180, stack(0x000000ceb9b00000,0x000000ceb9c00000)]
  0x00000280494f0160 JavaThread "container-0" [_thread_blocked, id=16600, stack(0x000000ceb9c00000,0x000000ceb9d00000)]
  0x00000280494f0670 JavaThread "Cleaner-0" daemon [_thread_blocked, id=24776, stack(0x000000ceb9e00000,0x000000ceb9f00000)]
  0x00000280494eed20 JavaThread "HikariPool-1:housekeeper" daemon [_thread_blocked, id=24328, stack(0x000000ceb9f00000,0x000000ceba000000)]
  0x0000028049ce4080 JavaThread "idle-connection-evictor-1" daemon [_thread_blocked, id=24812, stack(0x000000ceba300000,0x000000ceba400000)]
  0x0000028049ce7830 JavaThread "http-nio-8063-exec-1" daemon [_thread_in_native, id=31112, stack(0x000000cebab00000,0x000000cebac00000)]
  0x0000028049ce54c0 JavaThread "http-nio-8063-exec-2" daemon [_thread_blocked, id=17156, stack(0x000000cebac00000,0x000000cebad00000)]
  0x0000028049ce8250 JavaThread "http-nio-8063-exec-3" daemon [_thread_blocked, id=30668, stack(0x000000cebad00000,0x000000cebae00000)]
  0x0000028049ce4590 JavaThread "http-nio-8063-exec-4" daemon [_thread_blocked, id=21496, stack(0x000000cebae00000,0x000000cebaf00000)]
  0x0000028049ce8760 JavaThread "http-nio-8063-exec-5" daemon [_thread_blocked, id=9644, stack(0x000000cebaf00000,0x000000cebb000000)]
  0x0000028049ce8c70 JavaThread "http-nio-8063-exec-6" daemon [_thread_blocked, id=26612, stack(0x000000cebb000000,0x000000cebb100000)]
  0x0000028049cea0b0 JavaThread "http-nio-8063-exec-7" daemon [_thread_blocked, id=24400, stack(0x000000cebb100000,0x000000cebb200000)]
  0x0000028049ce9180 JavaThread "http-nio-8063-exec-8" daemon [_thread_blocked, id=4896, stack(0x000000cebb200000,0x000000cebb300000)]
  0x0000028049ce6900 JavaThread "http-nio-8063-exec-9" daemon [_thread_blocked, id=3696, stack(0x000000cebb300000,0x000000cebb400000)]
  0x0000028049ce4fb0 JavaThread "http-nio-8063-exec-10" daemon [_thread_blocked, id=2144, stack(0x000000cebb400000,0x000000cebb500000)]
  0x0000028049ceba00 JavaThread "http-nio-8063-Poller" daemon [_thread_in_native, id=29656, stack(0x000000cebb500000,0x000000cebb600000)]
  0x0000028049ceaad0 JavaThread "http-nio-8063-Acceptor" daemon [_thread_in_native, id=34340, stack(0x000000cebb600000,0x000000cebb700000)]
  0x0000028049cea5c0 JavaThread "scheduling-1" [_thread_blocked, id=34288, stack(0x000000cebb700000,0x000000cebb800000)]
  0x0000028049ce59d0 JavaThread "DestroyJavaVM" [_thread_blocked, id=24076, stack(0x000000ceb6d00000,0x000000ceb6e00000)]
  0x0000028049ce7320 JavaThread "RMI TCP Connection(idle)" daemon [_thread_blocked, id=29624, stack(0x000000cebb800000,0x000000cebb900000)]
  0x0000028049ce9ba0 JavaThread "RMI TCP Connection(idle)" daemon [_thread_blocked, id=4784, stack(0x000000cebba00000,0x000000cebbb00000)]
  0x0000028049ce4aa0 JavaThread "RMI TCP Connection(4)-10.79.5.180" daemon [_thread_in_native, id=4536, stack(0x000000cebbb00000,0x000000cebbc00000)]

Other Threads:
=>0x000002800254cd90 VMThread "VM Thread" [stack: 0x000000ceb7300000,0x000000ceb7400000] [id=28836]
  0x000002800200a240 WatcherThread [stack: 0x000000ceb8000000,0x000000ceb8100000] [id=4292]
  0x000002806ab896c0 GCTaskThread "GC Thread#0" [stack: 0x000000ceb6e00000,0x000000ceb6f00000] [id=17860]
  0x0000028048776ad0 GCTaskThread "GC Thread#1" [stack: 0x000000ceb8200000,0x000000ceb8300000] [id=23168]
  0x000002804867fae0 GCTaskThread "GC Thread#2" [stack: 0x000000ceb8300000,0x000000ceb8400000] [id=30132]
  0x0000028048748910 GCTaskThread "GC Thread#3" [stack: 0x000000ceb8400000,0x000000ceb8500000] [id=34584]
  0x0000028048748bd0 GCTaskThread "GC Thread#4" [stack: 0x000000ceb8500000,0x000000ceb8600000] [id=19992]
  0x0000028048765650 GCTaskThread "GC Thread#5" [stack: 0x000000ceb8600000,0x000000ceb8700000] [id=20052]
  0x0000028048950460 GCTaskThread "GC Thread#6" [stack: 0x000000ceb8700000,0x000000ceb8800000] [id=29064]
  0x000002804898d010 GCTaskThread "GC Thread#7" [stack: 0x000000ceb8800000,0x000000ceb8900000] [id=35144]
  0x0000028048d2a970 GCTaskThread "GC Thread#8" [stack: 0x000000ceb9100000,0x000000ceb9200000] [id=21956]
  0x0000028048d1ac60 GCTaskThread "GC Thread#9" [stack: 0x000000ceb9200000,0x000000ceb9300000] [id=27348]
  0x0000028048d25770 GCTaskThread "GC Thread#10" [stack: 0x000000ceb9300000,0x000000ceb9400000] [id=10044]
  0x0000028048e9f000 GCTaskThread "GC Thread#11" [stack: 0x000000ceb9400000,0x000000ceb9500000] [id=34324]
  0x0000028048e9fb00 GCTaskThread "GC Thread#12" [stack: 0x000000ceb9500000,0x000000ceb9600000] [id=18720]
  0x0000028048ea0b80 GCTaskThread "GC Thread#13" [stack: 0x000000ceb9600000,0x000000ceb9700000] [id=15964]
  0x0000028048e9fdc0 GCTaskThread "GC Thread#14" [stack: 0x000000ceb9700000,0x000000ceb9800000] [id=29332]
  0x000002806ab9b810 ConcurrentGCThread "G1 Main Marker" [stack: 0x000000ceb6f00000,0x000000ceb7000000] [id=35468]
  0x000002806ab9c130 ConcurrentGCThread "G1 Conc#0" [stack: 0x000000ceb7000000,0x000000ceb7100000] [id=32600]
  0x0000028048e9f2c0 ConcurrentGCThread "G1 Conc#1" [stack: 0x000000ceb9800000,0x000000ceb9900000] [id=35104]
  0x0000028048e9f580 ConcurrentGCThread "G1 Conc#2" [stack: 0x000000ceb9900000,0x000000ceb9a00000] [id=19760]
  0x0000028048e9f840 ConcurrentGCThread "G1 Conc#3" [stack: 0x000000ceb9a00000,0x000000ceb9b00000] [id=19700]
  0x00000280020c2a10 ConcurrentGCThread "G1 Refine#0" [stack: 0x000000ceb7100000,0x000000ceb7200000] [id=29580]
  0x0000028049ec8c30 ConcurrentGCThread "G1 Refine#1" [stack: 0x000000ceba400000,0x000000ceba500000] [id=32360]
  0x0000028049ecbb30 ConcurrentGCThread "G1 Refine#2" [stack: 0x000000ceba500000,0x000000ceba600000] [id=14020]
  0x0000028049eca6a0 ConcurrentGCThread "G1 Refine#3" [stack: 0x000000ceba600000,0x000000ceba700000] [id=28792]
  0x0000028049ecb550 ConcurrentGCThread "G1 Refine#4" [stack: 0x000000ceba700000,0x000000ceba800000] [id=31696]
  0x0000028049ecaf70 ConcurrentGCThread "G1 Refine#5" [stack: 0x000000ceba800000,0x000000ceba900000] [id=7428]
  0x0000028049ec9dd0 ConcurrentGCThread "G1 Refine#6" [stack: 0x000000ceba900000,0x000000cebaa00000] [id=8668]
  0x0000028049ec8070 ConcurrentGCThread "G1 Refine#7" [stack: 0x000000cebaa00000,0x000000cebab00000] [id=26400]
  0x0000028049ec8650 ConcurrentGCThread "G1 Refine#8" [stack: 0x000000ceba100000,0x000000ceba200000] [id=15576]
  0x0000028049ec9ae0 ConcurrentGCThread "G1 Refine#9" [stack: 0x000000ceba200000,0x000000ceba300000] [id=28136]
  0x00000280020c4360 ConcurrentGCThread "G1 Service" [stack: 0x000000ceb7200000,0x000000ceb7300000] [id=24408]

Threads with active compile tasks:

VM state: at safepoint (normal execution)

VM Mutex/Monitor currently owned by a thread:  ([mutex/lock_event])
[0x000002806ab12b90] Threads_lock - owner thread: 0x000002800254cd90
[0x000002806ab11990] Heap_lock - owner thread: 0x000002806ab9b810

Heap address: 0x0000000704c00000, size: 4020 MB, Compressed Oops mode: Zero based, Oop shift amount: 3

CDS archive(s) mapped at: [0x0000028003000000-0x0000028003bd0000-0x0000028003bd0000), size 12386304, SharedBaseAddress: 0x0000028003000000, ArchiveRelocationMode: 1.
Compressed class space mapped at: 0x0000028004000000-0x0000028044000000, reserved size: 1073741824
Narrow klass base: 0x0000028003000000, Narrow klass shift: 0, Narrow klass range: 0x100000000

GC Precious Log:
 CPUs: 20 total, 20 available
 Memory: 16072M
 Large Page Support: Disabled
 NUMA Support: Disabled
 Compressed Oops: Enabled (Zero based)
 Heap Region Size: 2M
 Heap Min Capacity: 8M
 Heap Initial Capacity: 252M
 Heap Max Capacity: 4020M
 Pre-touch: Disabled
 Parallel Workers: 15
 Concurrent Workers: 4
 Concurrent Refinement Workers: 15
 Periodic GC: Disabled

Heap:
 garbage-first heap   total 987136K, used 905364K [0x0000000704c00000, 0x0000000800000000)
  region size 2048K, 13 young (26624K), 3 survivors (6144K)
 Metaspace       used 128671K, committed 129472K, reserved 1179648K
  class space    used 17156K, committed 17536K, reserved 1048576K

Heap Regions: E=young(eden), S=young(survivor), O=old, HS=humongous(starts), HC=humongous(continues), CS=collection set, F=free, OA=open archive, CA=closed archive, TAMS=top-at-mark-start (previous, next)
|   0|0x0000000704c00000, 0x0000000704e00000, 0x0000000704e00000|100%| O|  |TAMS 0x0000000704e00000, 0x0000000704c00000| Untracked 
|   1|0x0000000704e00000, 0x0000000705000000, 0x0000000705000000|100%| O|  |TAMS 0x0000000705000000, 0x0000000704e00000| Untracked 
|   2|0x0000000705000000, 0x0000000705200000, 0x0000000705200000|100%| O|  |TAMS 0x0000000705200000, 0x0000000705000000| Untracked 
|   3|0x0000000705200000, 0x0000000705400000, 0x0000000705400000|100%| O|  |TAMS 0x0000000705400000, 0x0000000705200000| Updating 
|   4|0x0000000705400000, 0x0000000705552a00, 0x0000000705600000| 66%| O|  |TAMS 0x0000000705552a00, 0x0000000705400000| Updating 
|   5|0x0000000705600000, 0x0000000705800000, 0x0000000705800000|100%| O|  |TAMS 0x0000000705800000, 0x0000000705600000| Updating 
|   6|0x0000000705800000, 0x0000000705a00000, 0x0000000705a00000|100%| O|  |TAMS 0x0000000705a00000, 0x0000000705800000| Updating 
|   7|0x0000000705a00000, 0x0000000705c00000, 0x0000000705c00000|100%| O|  |TAMS 0x0000000705c00000, 0x0000000705a00000| Untracked 
|   8|0x0000000705c00000, 0x0000000705e00000, 0x0000000705e00000|100%| O|  |TAMS 0x0000000705e00000, 0x0000000705c00000| Updating 
|   9|0x0000000705e00000, 0x0000000706000000, 0x0000000706000000|100%| O|  |TAMS 0x0000000706000000, 0x0000000705e00000| Updating 
|  10|0x0000000706000000, 0x0000000706200000, 0x0000000706200000|100%| O|  |TAMS 0x0000000706200000, 0x0000000706000000| Updating 
|  11|0x0000000706200000, 0x0000000706400000, 0x0000000706400000|100%| O|  |TAMS 0x0000000706400000, 0x0000000706200000| Updating 
|  12|0x0000000706400000, 0x0000000706600000, 0x0000000706600000|100%| O|  |TAMS 0x0000000706600000, 0x0000000706400000| Updating 
|  13|0x0000000706600000, 0x0000000706800000, 0x0000000706800000|100%| O|  |TAMS 0x0000000706800000, 0x0000000706600000| Updating 
|  14|0x0000000706800000, 0x0000000706a00000, 0x0000000706a00000|100%| O|  |TAMS 0x0000000706a00000, 0x0000000706800000| Updating 
|  15|0x0000000706a00000, 0x0000000706c00000, 0x0000000706c00000|100%| O|  |TAMS 0x0000000706c00000, 0x0000000706a00000| Updating 
|  16|0x0000000706c00000, 0x0000000706e00000, 0x0000000706e00000|100%| O|  |TAMS 0x0000000706e00000, 0x0000000706c00000| Untracked 
|  17|0x0000000706e00000, 0x0000000707000000, 0x0000000707000000|100%| O|  |TAMS 0x0000000707000000, 0x0000000706e00000| Updating 
|  18|0x0000000707000000, 0x0000000707200000, 0x0000000707200000|100%| O|  |TAMS 0x0000000707200000, 0x0000000707000000| Updating 
|  19|0x0000000707200000, 0x0000000707400000, 0x0000000707400000|100%| O|  |TAMS 0x0000000707400000, 0x0000000707200000| Updating 
|  20|0x0000000707400000, 0x0000000707600000, 0x0000000707600000|100%| O|  |TAMS 0x0000000707600000, 0x0000000707400000| Updating 
|  21|0x0000000707600000, 0x0000000707800000, 0x0000000707800000|100%| O|  |TAMS 0x0000000707800000, 0x0000000707600000| Untracked 
|  22|0x0000000707800000, 0x0000000707a00000, 0x0000000707a00000|100%| O|  |TAMS 0x0000000707a00000, 0x0000000707800000| Untracked 
|  23|0x0000000707a00000, 0x0000000707c00000, 0x0000000707c00000|100%| O|  |TAMS 0x0000000707c00000, 0x0000000707a00000| Untracked 
|  24|0x0000000707c00000, 0x0000000707e00000, 0x0000000707e00000|100%| O|  |TAMS 0x0000000707e00000, 0x0000000707c00000| Updating 
|  25|0x0000000707e00000, 0x0000000708000000, 0x0000000708000000|100%| O|  |TAMS 0x0000000708000000, 0x0000000707e00000| Updating 
|  26|0x0000000708000000, 0x0000000708200000, 0x0000000708200000|100%| O|  |TAMS 0x0000000708200000, 0x0000000708000000| Updating 
|  27|0x0000000708200000, 0x0000000708400000, 0x0000000708400000|100%| O|  |TAMS 0x0000000708400000, 0x0000000708200000| Untracked 
|  28|0x0000000708400000, 0x0000000708600000, 0x0000000708600000|100%| O|  |TAMS 0x0000000708600000, 0x0000000708400000| Untracked 
|  29|0x0000000708600000, 0x0000000708800000, 0x0000000708800000|100%| O|  |TAMS 0x0000000708800000, 0x0000000708600000| Untracked 
|  30|0x0000000708800000, 0x0000000708a00000, 0x0000000708a00000|100%| O|  |TAMS 0x0000000708a00000, 0x0000000708800000| Untracked 
|  31|0x0000000708a00000, 0x0000000708c00000, 0x0000000708c00000|100%| O|  |TAMS 0x0000000708c00000, 0x0000000708a00000| Untracked 
|  32|0x0000000708c00000, 0x0000000708e00000, 0x0000000708e00000|100%| O|  |TAMS 0x0000000708e00000, 0x0000000708c00000| Untracked 
|  33|0x0000000708e00000, 0x0000000709000000, 0x0000000709000000|100%| O|  |TAMS 0x0000000709000000, 0x0000000708e00000| Untracked 
|  34|0x0000000709000000, 0x0000000709200000, 0x0000000709200000|100%| O|  |TAMS 0x0000000709200000, 0x0000000709000000| Untracked 
|  35|0x0000000709200000, 0x0000000709400000, 0x0000000709400000|100%| O|  |TAMS 0x0000000709400000, 0x0000000709200000| Untracked 
|  36|0x0000000709400000, 0x0000000709600000, 0x0000000709600000|100%| O|  |TAMS 0x0000000709600000, 0x0000000709400000| Untracked 
|  37|0x0000000709600000, 0x0000000709800000, 0x0000000709800000|100%| O|  |TAMS 0x0000000709800000, 0x0000000709600000| Untracked 
|  38|0x0000000709800000, 0x0000000709a00000, 0x0000000709a00000|100%| O|  |TAMS 0x0000000709a00000, 0x0000000709800000| Untracked 
|  39|0x0000000709a00000, 0x0000000709c00000, 0x0000000709c00000|100%| O|  |TAMS 0x0000000709c00000, 0x0000000709a00000| Untracked 
|  40|0x0000000709c00000, 0x0000000709e00000, 0x0000000709e00000|100%| O|  |TAMS 0x0000000709e00000, 0x0000000709c00000| Updating 
|  41|0x0000000709e00000, 0x000000070a000000, 0x000000070a000000|100%| O|  |TAMS 0x000000070a000000, 0x0000000709e00000| Updating 
|  42|0x000000070a000000, 0x000000070a200000, 0x000000070a200000|100%| O|  |TAMS 0x000000070a200000, 0x000000070a000000| Updating 
|  43|0x000000070a200000, 0x000000070a400000, 0x000000070a400000|100%| O|  |TAMS 0x000000070a400000, 0x000000070a200000| Updating 
|  44|0x000000070a400000, 0x000000070a600000, 0x000000070a600000|100%| O|  |TAMS 0x000000070a600000, 0x000000070a400000| Updating 
|  45|0x000000070a600000, 0x000000070a800000, 0x000000070a800000|100%| O|  |TAMS 0x000000070a800000, 0x000000070a600000| Untracked 
|  46|0x000000070a800000, 0x000000070aa00000, 0x000000070aa00000|100%| O|  |TAMS 0x000000070aa00000, 0x000000070a800000| Untracked 
|  47|0x000000070aa00000, 0x000000070ac00000, 0x000000070ac00000|100%| O|  |TAMS 0x000000070ac00000, 0x000000070aa00000| Updating 
|  48|0x000000070ac00000, 0x000000070ae00000, 0x000000070ae00000|100%| O|  |TAMS 0x000000070ae00000, 0x000000070ac00000| Untracked 
|  49|0x000000070ae00000, 0x000000070b000000, 0x000000070b000000|100%| O|  |TAMS 0x000000070b000000, 0x000000070ae00000| Untracked 
|  50|0x000000070b000000, 0x000000070b200000, 0x000000070b200000|100%| O|  |TAMS 0x000000070b200000, 0x000000070b000000| Untracked 
|  51|0x000000070b200000, 0x000000070b400000, 0x000000070b400000|100%| O|  |TAMS 0x000000070b400000, 0x000000070b200000| Updating 
|  52|0x000000070b400000, 0x000000070b600000, 0x000000070b600000|100%| O|  |TAMS 0x000000070b600000, 0x000000070b400000| Updating 
|  53|0x000000070b600000, 0x000000070b7ffff8, 0x000000070b800000| 99%| O|  |TAMS 0x000000070b7ffff8, 0x000000070b600000| Updating 
|  54|0x000000070b800000, 0x000000070ba00000, 0x000000070ba00000|100%| O|  |TAMS 0x000000070ba00000, 0x000000070b800000| Updating 
|  55|0x000000070ba00000, 0x000000070bc00000, 0x000000070bc00000|100%| O|  |TAMS 0x000000070bc00000, 0x000000070ba00000| Untracked 
|  56|0x000000070bc00000, 0x000000070be00000, 0x000000070be00000|100%| O|  |TAMS 0x000000070be00000, 0x000000070bc00000| Updating 
|  57|0x000000070be00000, 0x000000070c000000, 0x000000070c000000|100%| O|  |TAMS 0x000000070c000000, 0x000000070be00000| Updating 
|  58|0x000000070c000000, 0x000000070c200000, 0x000000070c200000|100%| O|  |TAMS 0x000000070c200000, 0x000000070c000000| Updating 
|  59|0x000000070c200000, 0x000000070c400000, 0x000000070c400000|100%| O|  |TAMS 0x000000070c400000, 0x000000070c200000| Updating 
|  60|0x000000070c400000, 0x000000070c600000, 0x000000070c600000|100%| O|  |TAMS 0x000000070c600000, 0x000000070c400000| Untracked 
|  61|0x000000070c600000, 0x000000070c800000, 0x000000070c800000|100%| O|  |TAMS 0x000000070c800000, 0x000000070c600000| Updating 
|  62|0x000000070c800000, 0x000000070ca00000, 0x000000070ca00000|100%| O|  |TAMS 0x000000070ca00000, 0x000000070c800000| Untracked 
|  63|0x000000070ca00000, 0x000000070cc00000, 0x000000070cc00000|100%| O|  |TAMS 0x000000070cc00000, 0x000000070ca00000| Untracked 
|  64|0x000000070cc00000, 0x000000070ce00000, 0x000000070ce00000|100%| O|  |TAMS 0x000000070ce00000, 0x000000070cc00000| Untracked 
|  65|0x000000070ce00000, 0x000000070d000000, 0x000000070d000000|100%| O|  |TAMS 0x000000070d000000, 0x000000070ce00000| Untracked 
|  66|0x000000070d000000, 0x000000070d200000, 0x000000070d200000|100%| O|  |TAMS 0x000000070d200000, 0x000000070d000000| Updating 
|  67|0x000000070d200000, 0x000000070d400000, 0x000000070d400000|100%| O|  |TAMS 0x000000070d400000, 0x000000070d200000| Untracked 
|  68|0x000000070d400000, 0x000000070d600000, 0x000000070d600000|100%| O|  |TAMS 0x000000070d600000, 0x000000070d400000| Untracked 
|  69|0x000000070d600000, 0x000000070d800000, 0x000000070d800000|100%| O|  |TAMS 0x000000070d800000, 0x000000070d600000| Untracked 
|  70|0x000000070d800000, 0x000000070da00000, 0x000000070da00000|100%| O|  |TAMS 0x000000070da00000, 0x000000070d800000| Untracked 
|  71|0x000000070da00000, 0x000000070dc00000, 0x000000070dc00000|100%| O|  |TAMS 0x000000070dc00000, 0x000000070da00000| Untracked 
|  72|0x000000070dc00000, 0x000000070de00000, 0x000000070de00000|100%| O|  |TAMS 0x000000070de00000, 0x000000070dc00000| Untracked 
|  73|0x000000070de00000, 0x000000070e000000, 0x000000070e000000|100%| O|  |TAMS 0x000000070e000000, 0x000000070de00000| Untracked 
|  74|0x000000070e000000, 0x000000070e200000, 0x000000070e200000|100%| O|  |TAMS 0x000000070e200000, 0x000000070e000000| Untracked 
|  75|0x000000070e200000, 0x000000070e400000, 0x000000070e400000|100%| O|  |TAMS 0x000000070e400000, 0x000000070e200000| Untracked 
|  76|0x000000070e400000, 0x000000070e600000, 0x000000070e600000|100%| O|  |TAMS 0x000000070e600000, 0x000000070e400000| Untracked 
|  77|0x000000070e600000, 0x000000070e800000, 0x000000070e800000|100%| O|  |TAMS 0x000000070e800000, 0x000000070e600000| Untracked 
|  78|0x000000070e800000, 0x000000070ea00000, 0x000000070ea00000|100%| O|  |TAMS 0x000000070ea00000, 0x000000070e800000| Untracked 
|  79|0x000000070ea00000, 0x000000070ec00000, 0x000000070ec00000|100%| O|  |TAMS 0x000000070ec00000, 0x000000070ea00000| Untracked 
|  80|0x000000070ec00000, 0x000000070ee00000, 0x000000070ee00000|100%| O|  |TAMS 0x000000070ee00000, 0x000000070ec00000| Untracked 
|  81|0x000000070ee00000, 0x000000070f000000, 0x000000070f000000|100%| O|  |TAMS 0x000000070f000000, 0x000000070ee00000| Untracked 
|  82|0x000000070f000000, 0x000000070f200000, 0x000000070f200000|100%| O|  |TAMS 0x000000070f200000, 0x000000070f000000| Untracked 
|  83|0x000000070f200000, 0x000000070f400000, 0x000000070f400000|100%| O|  |TAMS 0x000000070f400000, 0x000000070f200000| Untracked 
|  84|0x000000070f400000, 0x000000070f600000, 0x000000070f600000|100%| O|  |TAMS 0x000000070f600000, 0x000000070f400000| Untracked 
|  85|0x000000070f600000, 0x000000070f800000, 0x000000070f800000|100%| O|  |TAMS 0x000000070f800000, 0x000000070f600000| Untracked 
|  86|0x000000070f800000, 0x000000070fa00000, 0x000000070fa00000|100%| O|  |TAMS 0x000000070fa00000, 0x000000070f800000| Untracked 
|  87|0x000000070fa00000, 0x000000070fc00000, 0x000000070fc00000|100%| O|  |TAMS 0x000000070fc00000, 0x000000070fa00000| Untracked 
|  88|0x000000070fc00000, 0x000000070fe00000, 0x000000070fe00000|100%| O|  |TAMS 0x000000070fe00000, 0x000000070fc00000| Untracked 
|  89|0x000000070fe00000, 0x0000000710000000, 0x0000000710000000|100%| O|  |TAMS 0x0000000710000000, 0x000000070fe00000| Untracked 
|  90|0x0000000710000000, 0x0000000710200000, 0x0000000710200000|100%| O|  |TAMS 0x0000000710200000, 0x0000000710000000| Untracked 
|  91|0x0000000710200000, 0x0000000710400000, 0x0000000710400000|100%| O|  |TAMS 0x0000000710400000, 0x0000000710200000| Untracked 
|  92|0x0000000710400000, 0x0000000710600000, 0x0000000710600000|100%| O|  |TAMS 0x0000000710600000, 0x0000000710400000| Updating 
|  93|0x0000000710600000, 0x0000000710800000, 0x0000000710800000|100%| O|  |TAMS 0x0000000710800000, 0x0000000710600000| Untracked 
|  94|0x0000000710800000, 0x0000000710a00000, 0x0000000710a00000|100%| O|  |TAMS 0x0000000710a00000, 0x0000000710800000| Untracked 
|  95|0x0000000710a00000, 0x0000000710c00000, 0x0000000710c00000|100%| O|  |TAMS 0x0000000710c00000, 0x0000000710a00000| Untracked 
|  96|0x0000000710c00000, 0x0000000710e00000, 0x0000000710e00000|100%| O|  |TAMS 0x0000000710e00000, 0x0000000710c00000| Untracked 
|  97|0x0000000710e00000, 0x0000000711000000, 0x0000000711000000|100%| O|  |TAMS 0x0000000711000000, 0x0000000710e00000| Updating 
|  98|0x0000000711000000, 0x0000000711200000, 0x0000000711200000|100%| O|  |TAMS 0x0000000711200000, 0x0000000711000000| Untracked 
|  99|0x0000000711200000, 0x0000000711400000, 0x0000000711400000|100%| O|  |TAMS 0x0000000711400000, 0x0000000711200000| Untracked 
| 100|0x0000000711400000, 0x0000000711600000, 0x0000000711600000|100%| O|  |TAMS 0x0000000711600000, 0x0000000711400000| Untracked 
| 101|0x0000000711600000, 0x0000000711800000, 0x0000000711800000|100%| O|  |TAMS 0x0000000711800000, 0x0000000711600000| Untracked 
| 102|0x0000000711800000, 0x0000000711a00000, 0x0000000711a00000|100%| O|  |TAMS 0x0000000711a00000, 0x0000000711800000| Untracked 
| 103|0x0000000711a00000, 0x0000000711c00000, 0x0000000711c00000|100%| O|  |TAMS 0x0000000711c00000, 0x0000000711a00000| Updating 
| 104|0x0000000711c00000, 0x0000000711e00000, 0x0000000711e00000|100%| O|  |TAMS 0x0000000711e00000, 0x0000000711c00000| Untracked 
| 105|0x0000000711e00000, 0x0000000712000000, 0x0000000712000000|100%| O|  |TAMS 0x0000000712000000, 0x0000000711e00000| Untracked 
| 106|0x0000000712000000, 0x0000000712200000, 0x0000000712200000|100%| O|  |TAMS 0x0000000712200000, 0x0000000712000000| Untracked 
| 107|0x0000000712200000, 0x0000000712400000, 0x0000000712400000|100%| O|  |TAMS 0x0000000712400000, 0x0000000712200000| Untracked 
| 108|0x0000000712400000, 0x0000000712600000, 0x0000000712600000|100%| O|  |TAMS 0x0000000712600000, 0x0000000712400000| Untracked 
| 109|0x0000000712600000, 0x0000000712800000, 0x0000000712800000|100%| O|  |TAMS 0x0000000712800000, 0x0000000712600000| Untracked 
| 110|0x0000000712800000, 0x0000000712a00000, 0x0000000712a00000|100%| O|  |TAMS 0x0000000712a00000, 0x0000000712800000| Untracked 
| 111|0x0000000712a00000, 0x0000000712c00000, 0x0000000712c00000|100%| O|  |TAMS 0x0000000712c00000, 0x0000000712a00000| Untracked 
| 112|0x0000000712c00000, 0x0000000712e00000, 0x0000000712e00000|100%| O|  |TAMS 0x0000000712e00000, 0x0000000712c00000| Untracked 
| 113|0x0000000712e00000, 0x0000000713000000, 0x0000000713000000|100%| O|  |TAMS 0x0000000713000000, 0x0000000712e00000| Untracked 
| 114|0x0000000713000000, 0x0000000713200000, 0x0000000713200000|100%| O|  |TAMS 0x0000000713200000, 0x0000000713000000| Untracked 
| 115|0x0000000713200000, 0x0000000713400000, 0x0000000713400000|100%| O|  |TAMS 0x0000000713400000, 0x0000000713200000| Untracked 
| 116|0x0000000713400000, 0x0000000713600000, 0x0000000713600000|100%| O|  |TAMS 0x0000000713600000, 0x0000000713400000| Untracked 
| 117|0x0000000713600000, 0x0000000713800000, 0x0000000713800000|100%| O|  |TAMS 0x0000000713800000, 0x0000000713600000| Untracked 
| 118|0x0000000713800000, 0x0000000713a00000, 0x0000000713a00000|100%| O|  |TAMS 0x0000000713a00000, 0x0000000713800000| Untracked 
| 119|0x0000000713a00000, 0x0000000713c00000, 0x0000000713c00000|100%| O|  |TAMS 0x0000000713c00000, 0x0000000713a00000| Untracked 
| 120|0x0000000713c00000, 0x0000000713e00000, 0x0000000713e00000|100%| O|  |TAMS 0x0000000713e00000, 0x0000000713c00000| Untracked 
| 121|0x0000000713e00000, 0x0000000714000000, 0x0000000714000000|100%| O|  |TAMS 0x0000000714000000, 0x0000000713e00000| Untracked 
| 122|0x0000000714000000, 0x0000000714200000, 0x0000000714200000|100%| O|  |TAMS 0x0000000714200000, 0x0000000714000000| Untracked 
| 123|0x0000000714200000, 0x0000000714400000, 0x0000000714400000|100%| O|  |TAMS 0x0000000714400000, 0x0000000714200000| Untracked 
| 124|0x0000000714400000, 0x0000000714600000, 0x0000000714600000|100%| O|  |TAMS 0x0000000714600000, 0x0000000714400000| Untracked 
| 125|0x0000000714600000, 0x0000000714800000, 0x0000000714800000|100%| O|  |TAMS 0x0000000714800000, 0x0000000714600000| Untracked 
| 126|0x0000000714800000, 0x0000000714a00000, 0x0000000714a00000|100%| O|  |TAMS 0x0000000714a00000, 0x0000000714800000| Untracked 
| 127|0x0000000714a00000, 0x0000000714c00000, 0x0000000714c00000|100%| O|  |TAMS 0x0000000714c00000, 0x0000000714a00000| Untracked 
| 128|0x0000000714c00000, 0x0000000714e00000, 0x0000000714e00000|100%| O|  |TAMS 0x0000000714e00000, 0x0000000714c00000| Untracked 
| 129|0x0000000714e00000, 0x0000000715000000, 0x0000000715000000|100%| O|  |TAMS 0x0000000715000000, 0x0000000714e00000| Untracked 
| 130|0x0000000715000000, 0x0000000715200000, 0x0000000715200000|100%| O|  |TAMS 0x0000000715200000, 0x0000000715000000| Untracked 
| 131|0x0000000715200000, 0x0000000715400000, 0x0000000715400000|100%| O|  |TAMS 0x0000000715400000, 0x0000000715200000| Untracked 
| 132|0x0000000715400000, 0x0000000715600000, 0x0000000715600000|100%| O|  |TAMS 0x0000000715600000, 0x0000000715400000| Untracked 
| 133|0x0000000715600000, 0x0000000715800000, 0x0000000715800000|100%| O|  |TAMS 0x0000000715800000, 0x0000000715600000| Untracked 
| 134|0x0000000715800000, 0x0000000715a00000, 0x0000000715a00000|100%| O|  |TAMS 0x0000000715a00000, 0x0000000715800000| Untracked 
| 135|0x0000000715a00000, 0x0000000715c00000, 0x0000000715c00000|100%| O|  |TAMS 0x0000000715c00000, 0x0000000715a00000| Untracked 
| 136|0x0000000715c00000, 0x0000000715e00000, 0x0000000715e00000|100%| O|  |TAMS 0x0000000715e00000, 0x0000000715c00000| Untracked 
| 137|0x0000000715e00000, 0x0000000716000000, 0x0000000716000000|100%| O|  |TAMS 0x0000000716000000, 0x0000000715e00000| Untracked 
| 138|0x0000000716000000, 0x0000000716200000, 0x0000000716200000|100%| O|  |TAMS 0x0000000716200000, 0x0000000716000000| Untracked 
| 139|0x0000000716200000, 0x0000000716400000, 0x0000000716400000|100%| O|  |TAMS 0x0000000716400000, 0x0000000716200000| Untracked 
| 140|0x0000000716400000, 0x0000000716600000, 0x0000000716600000|100%| O|  |TAMS 0x0000000716600000, 0x0000000716400000| Untracked 
| 141|0x0000000716600000, 0x0000000716800000, 0x0000000716800000|100%| O|  |TAMS 0x0000000716800000, 0x0000000716600000| Untracked 
| 142|0x0000000716800000, 0x0000000716a00000, 0x0000000716a00000|100%| O|  |TAMS 0x0000000716a00000, 0x0000000716800000| Untracked 
| 143|0x0000000716a00000, 0x0000000716c00000, 0x0000000716c00000|100%| O|  |TAMS 0x0000000716c00000, 0x0000000716a00000| Updating 
| 144|0x0000000716c00000, 0x0000000716e00000, 0x0000000716e00000|100%| O|  |TAMS 0x0000000716e00000, 0x0000000716c00000| Updating 
| 145|0x0000000716e00000, 0x0000000717000000, 0x0000000717000000|100%| O|  |TAMS 0x0000000717000000, 0x0000000716e00000| Untracked 
| 146|0x0000000717000000, 0x0000000717200000, 0x0000000717200000|100%| O|  |TAMS 0x0000000717200000, 0x0000000717000000| Updating 
| 147|0x0000000717200000, 0x0000000717400000, 0x0000000717400000|100%| O|  |TAMS 0x0000000717400000, 0x0000000717200000| Updating 
| 148|0x0000000717400000, 0x0000000717600000, 0x0000000717600000|100%| O|  |TAMS 0x0000000717600000, 0x0000000717400000| Untracked 
| 149|0x0000000717600000, 0x00000007177ffff8, 0x0000000717800000| 99%| O|  |TAMS 0x00000007177ffff8, 0x0000000717600000| Untracked 
| 150|0x0000000717800000, 0x00000007179ffff8, 0x0000000717a00000| 99%| O|  |TAMS 0x00000007179ffff8, 0x0000000717800000| Untracked 
| 151|0x0000000717a00000, 0x0000000717bffff8, 0x0000000717c00000| 99%| O|  |TAMS 0x0000000717bffff8, 0x0000000717a00000| Updating 
| 152|0x0000000717c00000, 0x0000000717e00000, 0x0000000717e00000|100%| O|  |TAMS 0x0000000717e00000, 0x0000000717c00000| Updating 
| 153|0x0000000717e00000, 0x0000000718000000, 0x0000000718000000|100%| O|  |TAMS 0x0000000718000000, 0x0000000717e00000| Updating 
| 154|0x0000000718000000, 0x0000000718200000, 0x0000000718200000|100%| O|  |TAMS 0x0000000718200000, 0x0000000718000000| Updating 
| 155|0x0000000718200000, 0x0000000718400000, 0x0000000718400000|100%| O|  |TAMS 0x0000000718400000, 0x0000000718200000| Untracked 
| 156|0x0000000718400000, 0x0000000718600000, 0x0000000718600000|100%| O|  |TAMS 0x0000000718600000, 0x0000000718400000| Untracked 
| 157|0x0000000718600000, 0x0000000718800000, 0x0000000718800000|100%| O|  |TAMS 0x0000000718800000, 0x0000000718600000| Updating 
| 158|0x0000000718800000, 0x0000000718a00000, 0x0000000718a00000|100%| O|  |TAMS 0x0000000718a00000, 0x0000000718800000| Untracked 
| 159|0x0000000718a00000, 0x0000000718c00000, 0x0000000718c00000|100%| O|  |TAMS 0x0000000718c00000, 0x0000000718a00000| Untracked 
| 160|0x0000000718c00000, 0x0000000718e00000, 0x0000000718e00000|100%| O|  |TAMS 0x0000000718e00000, 0x0000000718c00000| Untracked 
| 161|0x0000000718e00000, 0x0000000719000000, 0x0000000719000000|100%| O|  |TAMS 0x0000000719000000, 0x0000000718e00000| Updating 
| 162|0x0000000719000000, 0x0000000719200000, 0x0000000719200000|100%| O|  |TAMS 0x0000000719200000, 0x0000000719000000| Untracked 
| 163|0x0000000719200000, 0x0000000719400000, 0x0000000719400000|100%| O|  |TAMS 0x0000000719400000, 0x0000000719200000| Untracked 
| 164|0x0000000719400000, 0x0000000719600000, 0x0000000719600000|100%| O|  |TAMS 0x0000000719600000, 0x0000000719400000| Untracked 
| 165|0x0000000719600000, 0x0000000719800000, 0x0000000719800000|100%| O|  |TAMS 0x0000000719800000, 0x0000000719600000| Updating 
| 166|0x0000000719800000, 0x0000000719a00000, 0x0000000719a00000|100%| O|  |TAMS 0x0000000719a00000, 0x0000000719800000| Updating 
| 167|0x0000000719a00000, 0x0000000719c00000, 0x0000000719c00000|100%| O|  |TAMS 0x0000000719c00000, 0x0000000719a00000| Updating 
| 168|0x0000000719c00000, 0x0000000719e00000, 0x0000000719e00000|100%| O|  |TAMS 0x0000000719e00000, 0x0000000719c00000| Untracked 
| 169|0x0000000719e00000, 0x000000071a000000, 0x000000071a000000|100%| O|  |TAMS 0x000000071a000000, 0x0000000719e00000| Untracked 
| 170|0x000000071a000000, 0x000000071a200000, 0x000000071a200000|100%| O|  |TAMS 0x000000071a200000, 0x000000071a000000| Untracked 
| 171|0x000000071a200000, 0x000000071a400000, 0x000000071a400000|100%| O|  |TAMS 0x000000071a400000, 0x000000071a200000| Updating 
| 172|0x000000071a400000, 0x000000071a600000, 0x000000071a600000|100%| O|  |TAMS 0x000000071a600000, 0x000000071a400000| Updating 
| 173|0x000000071a600000, 0x000000071a800000, 0x000000071a800000|100%| O|  |TAMS 0x000000071a800000, 0x000000071a600000| Untracked 
| 174|0x000000071a800000, 0x000000071aa00000, 0x000000071aa00000|100%| O|  |TAMS 0x000000071aa00000, 0x000000071a800000| Updating 
| 175|0x000000071aa00000, 0x000000071ac00000, 0x000000071ac00000|100%| O|  |TAMS 0x000000071ac00000, 0x000000071aa00000| Untracked 
| 176|0x000000071ac00000, 0x000000071ae00000, 0x000000071ae00000|100%| O|  |TAMS 0x000000071ae00000, 0x000000071ac00000| Updating 
| 177|0x000000071ae00000, 0x000000071b000000, 0x000000071b000000|100%| O|  |TAMS 0x000000071b000000, 0x000000071ae00000| Untracked 
| 178|0x000000071b000000, 0x000000071b200000, 0x000000071b200000|100%| O|  |TAMS 0x000000071b200000, 0x000000071b000000| Untracked 
| 179|0x000000071b200000, 0x000000071b400000, 0x000000071b400000|100%| O|  |TAMS 0x000000071b400000, 0x000000071b200000| Untracked 
| 180|0x000000071b400000, 0x000000071b600000, 0x000000071b600000|100%| O|  |TAMS 0x000000071b600000, 0x000000071b400000| Untracked 
| 181|0x000000071b600000, 0x000000071b800000, 0x000000071b800000|100%| O|  |TAMS 0x000000071b800000, 0x000000071b600000| Updating 
| 182|0x000000071b800000, 0x000000071ba00000, 0x000000071ba00000|100%| O|  |TAMS 0x000000071ba00000, 0x000000071b800000| Untracked 
| 183|0x000000071ba00000, 0x000000071bc00000, 0x000000071bc00000|100%| O|  |TAMS 0x000000071bc00000, 0x000000071ba00000| Untracked 
| 184|0x000000071bc00000, 0x000000071be00000, 0x000000071be00000|100%| O|  |TAMS 0x000000071be00000, 0x000000071bc00000| Untracked 
| 185|0x000000071be00000, 0x000000071c000000, 0x000000071c000000|100%| O|  |TAMS 0x000000071c000000, 0x000000071be00000| Untracked 
| 186|0x000000071c000000, 0x000000071c200000, 0x000000071c200000|100%| O|  |TAMS 0x000000071c200000, 0x000000071c000000| Untracked 
| 187|0x000000071c200000, 0x000000071c400000, 0x000000071c400000|100%| O|  |TAMS 0x000000071c400000, 0x000000071c200000| Untracked 
| 188|0x000000071c400000, 0x000000071c600000, 0x000000071c600000|100%| O|  |TAMS 0x000000071c600000, 0x000000071c400000| Updating 
| 189|0x000000071c600000, 0x000000071c800000, 0x000000071c800000|100%| O|  |TAMS 0x000000071c800000, 0x000000071c600000| Untracked 
| 190|0x000000071c800000, 0x000000071ca00000, 0x000000071ca00000|100%| O|  |TAMS 0x000000071ca00000, 0x000000071c800000| Untracked 
| 191|0x000000071ca00000, 0x000000071cc00000, 0x000000071cc00000|100%| O|  |TAMS 0x000000071cc00000, 0x000000071ca00000| Untracked 
| 192|0x000000071cc00000, 0x000000071ce00000, 0x000000071ce00000|100%| O|  |TAMS 0x000000071ce00000, 0x000000071cc00000| Updating 
| 193|0x000000071ce00000, 0x000000071d000000, 0x000000071d000000|100%| O|  |TAMS 0x000000071d000000, 0x000000071ce00000| Updating 
| 194|0x000000071d000000, 0x000000071d200000, 0x000000071d200000|100%| O|  |TAMS 0x000000071d200000, 0x000000071d000000| Updating 
| 195|0x000000071d200000, 0x000000071d400000, 0x000000071d400000|100%| O|  |TAMS 0x000000071d400000, 0x000000071d200000| Untracked 
| 196|0x000000071d400000, 0x000000071d600000, 0x000000071d600000|100%| O|  |TAMS 0x000000071d600000, 0x000000071d400000| Untracked 
| 197|0x000000071d600000, 0x000000071d800000, 0x000000071d800000|100%| O|  |TAMS 0x000000071d800000, 0x000000071d600000| Updating 
| 198|0x000000071d800000, 0x000000071da00000, 0x000000071da00000|100%| O|  |TAMS 0x000000071da00000, 0x000000071d800000| Updating 
| 199|0x000000071da00000, 0x000000071dc00000, 0x000000071dc00000|100%| O|  |TAMS 0x000000071dc00000, 0x000000071da00000| Updating 
| 200|0x000000071dc00000, 0x000000071de00000, 0x000000071de00000|100%| O|  |TAMS 0x000000071de00000, 0x000000071dc00000| Updating 
| 201|0x000000071de00000, 0x000000071e000000, 0x000000071e000000|100%| O|  |TAMS 0x000000071e000000, 0x000000071de00000| Untracked 
| 202|0x000000071e000000, 0x000000071e200000, 0x000000071e200000|100%| O|  |TAMS 0x000000071e200000, 0x000000071e000000| Untracked 
| 203|0x000000071e200000, 0x000000071e400000, 0x000000071e400000|100%| O|  |TAMS 0x000000071e400000, 0x000000071e200000| Untracked 
| 204|0x000000071e400000, 0x000000071e600000, 0x000000071e600000|100%| O|  |TAMS 0x000000071e600000, 0x000000071e400000| Untracked 
| 205|0x000000071e600000, 0x000000071e800000, 0x000000071e800000|100%| O|  |TAMS 0x000000071e800000, 0x000000071e600000| Updating 
| 206|0x000000071e800000, 0x000000071ea00000, 0x000000071ea00000|100%| O|  |TAMS 0x000000071ea00000, 0x000000071e800000| Untracked 
| 207|0x000000071ea00000, 0x000000071ec00000, 0x000000071ec00000|100%| O|  |TAMS 0x000000071ec00000, 0x000000071ea00000| Updating 
| 208|0x000000071ec00000, 0x000000071ee00000, 0x000000071ee00000|100%| O|  |TAMS 0x000000071ee00000, 0x000000071ec00000| Updating 
| 209|0x000000071ee00000, 0x000000071f000000, 0x000000071f000000|100%| O|  |TAMS 0x000000071f000000, 0x000000071ee00000| Untracked 
| 210|0x000000071f000000, 0x000000071f200000, 0x000000071f200000|100%| O|  |TAMS 0x000000071f200000, 0x000000071f000000| Updating 
| 211|0x000000071f200000, 0x000000071f400000, 0x000000071f400000|100%| O|  |TAMS 0x000000071f400000, 0x000000071f200000| Updating 
| 212|0x000000071f400000, 0x000000071f600000, 0x000000071f600000|100%| O|  |TAMS 0x000000071f600000, 0x000000071f400000| Updating 
| 213|0x000000071f600000, 0x000000071f800000, 0x000000071f800000|100%| O|  |TAMS 0x000000071f800000, 0x000000071f600000| Updating 
| 214|0x000000071f800000, 0x000000071fa00000, 0x000000071fa00000|100%| O|  |TAMS 0x000000071fa00000, 0x000000071f800000| Updating 
| 215|0x000000071fa00000, 0x000000071fc00000, 0x000000071fc00000|100%| O|  |TAMS 0x000000071fc00000, 0x000000071fa00000| Updating 
| 216|0x000000071fc00000, 0x000000071fe00000, 0x000000071fe00000|100%| O|  |TAMS 0x000000071fe00000, 0x000000071fc00000| Untracked 
| 217|0x000000071fe00000, 0x0000000720000000, 0x0000000720000000|100%| O|  |TAMS 0x0000000720000000, 0x000000071fe00000| Untracked 
| 218|0x0000000720000000, 0x0000000720200000, 0x0000000720200000|100%| O|  |TAMS 0x0000000720200000, 0x0000000720000000| Untracked 
| 219|0x0000000720200000, 0x0000000720400000, 0x0000000720400000|100%| O|  |TAMS 0x0000000720400000, 0x0000000720200000| Untracked 
| 220|0x0000000720400000, 0x0000000720600000, 0x0000000720600000|100%| O|  |TAMS 0x0000000720600000, 0x0000000720400000| Updating 
| 221|0x0000000720600000, 0x0000000720800000, 0x0000000720800000|100%| O|  |TAMS 0x0000000720800000, 0x0000000720600000| Updating 
| 222|0x0000000720800000, 0x0000000720a00000, 0x0000000720a00000|100%| O|  |TAMS 0x0000000720a00000, 0x0000000720800000| Updating 
| 223|0x0000000720a00000, 0x0000000720c00000, 0x0000000720c00000|100%| O|  |TAMS 0x0000000720c00000, 0x0000000720a00000| Updating 
| 224|0x0000000720c00000, 0x0000000720e00000, 0x0000000720e00000|100%| O|  |TAMS 0x0000000720e00000, 0x0000000720c00000| Updating 
| 225|0x0000000720e00000, 0x0000000721000000, 0x0000000721000000|100%| O|  |TAMS 0x0000000721000000, 0x0000000720e00000| Untracked 
| 226|0x0000000721000000, 0x0000000721200000, 0x0000000721200000|100%| O|  |TAMS 0x0000000721200000, 0x0000000721000000| Untracked 
| 227|0x0000000721200000, 0x0000000721400000, 0x0000000721400000|100%| O|  |TAMS 0x0000000721400000, 0x0000000721200000| Untracked 
| 228|0x0000000721400000, 0x0000000721600000, 0x0000000721600000|100%| O|  |TAMS 0x0000000721600000, 0x0000000721400000| Untracked 
| 229|0x0000000721600000, 0x0000000721800000, 0x0000000721800000|100%| O|  |TAMS 0x0000000721800000, 0x0000000721600000| Untracked 
| 230|0x0000000721800000, 0x0000000721a00000, 0x0000000721a00000|100%| O|  |TAMS 0x0000000721a00000, 0x0000000721800000| Untracked 
| 231|0x0000000721a00000, 0x0000000721c00000, 0x0000000721c00000|100%| O|  |TAMS 0x0000000721c00000, 0x0000000721a00000| Untracked 
| 232|0x0000000721c00000, 0x0000000721e00000, 0x0000000721e00000|100%| O|  |TAMS 0x0000000721e00000, 0x0000000721c00000| Updating 
| 233|0x0000000721e00000, 0x0000000722000000, 0x0000000722000000|100%| O|  |TAMS 0x0000000722000000, 0x0000000721e00000| Updating 
| 234|0x0000000722000000, 0x0000000722200000, 0x0000000722200000|100%| O|  |TAMS 0x0000000722200000, 0x0000000722000000| Updating 
| 235|0x0000000722200000, 0x0000000722400000, 0x0000000722400000|100%| O|  |TAMS 0x0000000722400000, 0x0000000722200000| Untracked 
| 236|0x0000000722400000, 0x0000000722600000, 0x0000000722600000|100%| O|  |TAMS 0x0000000722600000, 0x0000000722400000| Untracked 
| 237|0x0000000722600000, 0x0000000722800000, 0x0000000722800000|100%| O|  |TAMS 0x0000000722800000, 0x0000000722600000| Untracked 
| 238|0x0000000722800000, 0x0000000722a00000, 0x0000000722a00000|100%| O|  |TAMS 0x0000000722a00000, 0x0000000722800000| Untracked 
| 239|0x0000000722a00000, 0x0000000722c00000, 0x0000000722c00000|100%| O|  |TAMS 0x0000000722c00000, 0x0000000722a00000| Untracked 
| 240|0x0000000722c00000, 0x0000000722e00000, 0x0000000722e00000|100%| O|  |TAMS 0x0000000722e00000, 0x0000000722c00000| Updating 
| 241|0x0000000722e00000, 0x0000000723000000, 0x0000000723000000|100%| O|  |TAMS 0x0000000723000000, 0x0000000722e00000| Updating 
| 242|0x0000000723000000, 0x0000000723200000, 0x0000000723200000|100%| O|  |TAMS 0x0000000723200000, 0x0000000723000000| Updating 
| 243|0x0000000723200000, 0x0000000723400000, 0x0000000723400000|100%| O|  |TAMS 0x0000000723400000, 0x0000000723200000| Untracked 
| 244|0x0000000723400000, 0x0000000723600000, 0x0000000723600000|100%| O|  |TAMS 0x0000000723600000, 0x0000000723400000| Untracked 
| 245|0x0000000723600000, 0x0000000723800000, 0x0000000723800000|100%| O|  |TAMS 0x0000000723800000, 0x0000000723600000| Untracked 
| 246|0x0000000723800000, 0x0000000723a00000, 0x0000000723a00000|100%| O|  |TAMS 0x0000000723a00000, 0x0000000723800000| Updating 
| 247|0x0000000723a00000, 0x0000000723c00000, 0x0000000723c00000|100%| O|  |TAMS 0x0000000723c00000, 0x0000000723a00000| Updating 
| 248|0x0000000723c00000, 0x0000000723e00000, 0x0000000723e00000|100%| O|  |TAMS 0x0000000723e00000, 0x0000000723c00000| Updating 
| 249|0x0000000723e00000, 0x0000000724000000, 0x0000000724000000|100%| O|  |TAMS 0x0000000724000000, 0x0000000723e00000| Updating 
| 250|0x0000000724000000, 0x0000000724200000, 0x0000000724200000|100%| O|  |TAMS 0x0000000724200000, 0x0000000724000000| Untracked 
| 251|0x0000000724200000, 0x0000000724400000, 0x0000000724400000|100%| O|  |TAMS 0x0000000724400000, 0x0000000724200000| Untracked 
| 252|0x0000000724400000, 0x0000000724600000, 0x0000000724600000|100%| O|  |TAMS 0x0000000724600000, 0x0000000724400000| Updating 
| 253|0x0000000724600000, 0x0000000724800000, 0x0000000724800000|100%| O|  |TAMS 0x0000000724800000, 0x0000000724600000| Untracked 
| 254|0x0000000724800000, 0x0000000724a00000, 0x0000000724a00000|100%| O|  |TAMS 0x0000000724a00000, 0x0000000724800000| Untracked 
| 255|0x0000000724a00000, 0x0000000724c00000, 0x0000000724c00000|100%| O|  |TAMS 0x0000000724c00000, 0x0000000724a00000| Updating 
| 256|0x0000000724c00000, 0x0000000724e00000, 0x0000000724e00000|100%| O|  |TAMS 0x0000000724e00000, 0x0000000724c00000| Updating 
| 257|0x0000000724e00000, 0x0000000725000000, 0x0000000725000000|100%| O|  |TAMS 0x0000000725000000, 0x0000000724e00000| Updating 
| 258|0x0000000725000000, 0x0000000725200000, 0x0000000725200000|100%| O|  |TAMS 0x0000000725200000, 0x0000000725000000| Updating 
| 259|0x0000000725200000, 0x0000000725400000, 0x0000000725400000|100%| O|  |TAMS 0x0000000725400000, 0x0000000725200000| Untracked 
| 260|0x0000000725400000, 0x0000000725600000, 0x0000000725600000|100%| O|  |TAMS 0x0000000725600000, 0x0000000725400000| Untracked 
| 261|0x0000000725600000, 0x0000000725800000, 0x0000000725800000|100%| O|  |TAMS 0x0000000725800000, 0x0000000725600000| Updating 
| 262|0x0000000725800000, 0x0000000725a00000, 0x0000000725a00000|100%| O|  |TAMS 0x0000000725a00000, 0x0000000725800000| Updating 
| 263|0x0000000725a00000, 0x0000000725c00000, 0x0000000725c00000|100%| O|  |TAMS 0x0000000725c00000, 0x0000000725a00000| Updating 
| 264|0x0000000725c00000, 0x0000000725e00000, 0x0000000725e00000|100%| O|  |TAMS 0x0000000725e00000, 0x0000000725c00000| Untracked 
| 265|0x0000000725e00000, 0x0000000726000000, 0x0000000726000000|100%| O|  |TAMS 0x0000000726000000, 0x0000000725e00000| Updating 
| 266|0x0000000726000000, 0x0000000726200000, 0x0000000726200000|100%| O|  |TAMS 0x0000000726200000, 0x0000000726000000| Updating 
| 267|0x0000000726200000, 0x0000000726400000, 0x0000000726400000|100%| O|  |TAMS 0x0000000726400000, 0x0000000726200000| Updating 
| 268|0x0000000726400000, 0x0000000726600000, 0x0000000726600000|100%| O|  |TAMS 0x0000000726600000, 0x0000000726400000| Updating 
| 269|0x0000000726600000, 0x0000000726800000, 0x0000000726800000|100%| O|  |TAMS 0x0000000726800000, 0x0000000726600000| Untracked 
| 270|0x0000000726800000, 0x0000000726a00000, 0x0000000726a00000|100%| O|  |TAMS 0x0000000726a00000, 0x0000000726800000| Untracked 
| 271|0x0000000726a00000, 0x0000000726c00000, 0x0000000726c00000|100%| O|  |TAMS 0x0000000726c00000, 0x0000000726a00000| Updating 
| 272|0x0000000726c00000, 0x0000000726e00000, 0x0000000726e00000|100%| O|  |TAMS 0x0000000726e00000, 0x0000000726c00000| Updating 
| 273|0x0000000726e00000, 0x0000000727000000, 0x0000000727000000|100%| O|  |TAMS 0x0000000727000000, 0x0000000726e00000| Updating 
| 274|0x0000000727000000, 0x0000000727200000, 0x0000000727200000|100%| O|  |TAMS 0x0000000727200000, 0x0000000727000000| Updating 
| 275|0x0000000727200000, 0x0000000727400000, 0x0000000727400000|100%| O|  |TAMS 0x0000000727400000, 0x0000000727200000| Untracked 
| 276|0x0000000727400000, 0x0000000727600000, 0x0000000727600000|100%| O|  |TAMS 0x0000000727600000, 0x0000000727400000| Untracked 
| 277|0x0000000727600000, 0x0000000727800000, 0x0000000727800000|100%| O|  |TAMS 0x0000000727800000, 0x0000000727600000| Untracked 
| 278|0x0000000727800000, 0x0000000727a00000, 0x0000000727a00000|100%| O|  |TAMS 0x0000000727a00000, 0x0000000727800000| Untracked 
| 279|0x0000000727a00000, 0x0000000727c00000, 0x0000000727c00000|100%| O|  |TAMS 0x0000000727c00000, 0x0000000727a00000| Untracked 
| 280|0x0000000727c00000, 0x0000000727e00000, 0x0000000727e00000|100%| O|  |TAMS 0x0000000727e00000, 0x0000000727c00000| Untracked 
| 281|0x0000000727e00000, 0x0000000728000000, 0x0000000728000000|100%| O|  |TAMS 0x0000000728000000, 0x0000000727e00000| Untracked 
| 282|0x0000000728000000, 0x0000000728200000, 0x0000000728200000|100%| O|  |TAMS 0x0000000728200000, 0x0000000728000000| Untracked 
| 283|0x0000000728200000, 0x0000000728400000, 0x0000000728400000|100%| O|  |TAMS 0x0000000728400000, 0x0000000728200000| Untracked 
| 284|0x0000000728400000, 0x0000000728600000, 0x0000000728600000|100%| O|  |TAMS 0x0000000728600000, 0x0000000728400000| Untracked 
| 285|0x0000000728600000, 0x0000000728800000, 0x0000000728800000|100%| O|  |TAMS 0x0000000728800000, 0x0000000728600000| Untracked 
| 286|0x0000000728800000, 0x0000000728a00000, 0x0000000728a00000|100%| O|  |TAMS 0x0000000728a00000, 0x0000000728800000| Untracked 
| 287|0x0000000728a00000, 0x0000000728c00000, 0x0000000728c00000|100%| O|  |TAMS 0x0000000728c00000, 0x0000000728a00000| Untracked 
| 288|0x0000000728c00000, 0x0000000728e00000, 0x0000000728e00000|100%| O|  |TAMS 0x0000000728e00000, 0x0000000728c00000| Untracked 
| 289|0x0000000728e00000, 0x0000000729000000, 0x0000000729000000|100%| O|  |TAMS 0x0000000729000000, 0x0000000728e00000| Untracked 
| 290|0x0000000729000000, 0x0000000729200000, 0x0000000729200000|100%| O|  |TAMS 0x0000000729200000, 0x0000000729000000| Updating 
| 291|0x0000000729200000, 0x0000000729400000, 0x0000000729400000|100%| O|  |TAMS 0x0000000729400000, 0x0000000729200000| Updating 
| 292|0x0000000729400000, 0x0000000729600000, 0x0000000729600000|100%| O|  |TAMS 0x0000000729600000, 0x0000000729400000| Updating 
| 293|0x0000000729600000, 0x0000000729800000, 0x0000000729800000|100%| O|  |TAMS 0x0000000729800000, 0x0000000729600000| Updating 
| 294|0x0000000729800000, 0x0000000729a00000, 0x0000000729a00000|100%| O|  |TAMS 0x0000000729a00000, 0x0000000729800000| Updating 
| 295|0x0000000729a00000, 0x0000000729c00000, 0x0000000729c00000|100%| O|  |TAMS 0x0000000729c00000, 0x0000000729a00000| Updating 
| 296|0x0000000729c00000, 0x0000000729e00000, 0x0000000729e00000|100%| O|  |TAMS 0x0000000729e00000, 0x0000000729c00000| Updating 
| 297|0x0000000729e00000, 0x000000072a000000, 0x000000072a000000|100%| O|  |TAMS 0x000000072a000000, 0x0000000729e00000| Updating 
| 298|0x000000072a000000, 0x000000072a200000, 0x000000072a200000|100%| O|  |TAMS 0x000000072a200000, 0x000000072a000000| Updating 
| 299|0x000000072a200000, 0x000000072a400000, 0x000000072a400000|100%| O|  |TAMS 0x000000072a400000, 0x000000072a200000| Updating 
| 300|0x000000072a400000, 0x000000072a600000, 0x000000072a600000|100%| O|  |TAMS 0x000000072a600000, 0x000000072a400000| Updating 
| 301|0x000000072a600000, 0x000000072a800000, 0x000000072a800000|100%| O|  |TAMS 0x000000072a800000, 0x000000072a600000| Updating 
| 302|0x000000072a800000, 0x000000072aa00000, 0x000000072aa00000|100%| O|  |TAMS 0x000000072aa00000, 0x000000072a800000| Updating 
| 303|0x000000072aa00000, 0x000000072ac00000, 0x000000072ac00000|100%| O|  |TAMS 0x000000072ac00000, 0x000000072aa00000| Updating 
| 304|0x000000072ac00000, 0x000000072ac00000, 0x000000072ae00000|  0%| F|  |TAMS 0x000000072ac00000, 0x000000072ac00000| Untracked 
| 305|0x000000072ae00000, 0x000000072b000000, 0x000000072b000000|100%| O|  |TAMS 0x000000072b000000, 0x000000072ae00000| Updating 
| 306|0x000000072b000000, 0x000000072b200000, 0x000000072b200000|100%| O|  |TAMS 0x000000072b200000, 0x000000072b000000| Untracked 
| 307|0x000000072b200000, 0x000000072b400000, 0x000000072b400000|100%| O|  |TAMS 0x000000072b400000, 0x000000072b200000| Untracked 
| 308|0x000000072b400000, 0x000000072b600000, 0x000000072b600000|100%| O|  |TAMS 0x000000072b600000, 0x000000072b400000| Untracked 
| 309|0x000000072b600000, 0x000000072b800000, 0x000000072b800000|100%| O|  |TAMS 0x000000072b800000, 0x000000072b600000| Untracked 
| 310|0x000000072b800000, 0x000000072ba00000, 0x000000072ba00000|100%| O|  |TAMS 0x000000072ba00000, 0x000000072b800000| Untracked 
| 311|0x000000072ba00000, 0x000000072bc00000, 0x000000072bc00000|100%| O|  |TAMS 0x000000072bc00000, 0x000000072ba00000| Untracked 
| 312|0x000000072bc00000, 0x000000072be00000, 0x000000072be00000|100%| O|  |TAMS 0x000000072be00000, 0x000000072bc00000| Untracked 
| 313|0x000000072be00000, 0x000000072c000000, 0x000000072c000000|100%| O|  |TAMS 0x000000072c000000, 0x000000072be00000| Untracked 
| 314|0x000000072c000000, 0x000000072c200000, 0x000000072c200000|100%| O|  |TAMS 0x000000072c200000, 0x000000072c000000| Updating 
| 315|0x000000072c200000, 0x000000072c400000, 0x000000072c400000|100%| O|  |TAMS 0x000000072c400000, 0x000000072c200000| Updating 
| 316|0x000000072c400000, 0x000000072c600000, 0x000000072c600000|100%| O|  |TAMS 0x000000072c600000, 0x000000072c400000| Updating 
| 317|0x000000072c600000, 0x000000072c800000, 0x000000072c800000|100%| O|  |TAMS 0x000000072c800000, 0x000000072c600000| Updating 
| 318|0x000000072c800000, 0x000000072ca00000, 0x000000072ca00000|100%| O|  |TAMS 0x000000072ca00000, 0x000000072c800000| Updating 
| 319|0x000000072ca00000, 0x000000072cc00000, 0x000000072cc00000|100%| O|  |TAMS 0x000000072cc00000, 0x000000072ca00000| Untracked 
| 320|0x000000072cc00000, 0x000000072ce00000, 0x000000072ce00000|100%| O|  |TAMS 0x000000072ce00000, 0x000000072cc00000| Untracked 
| 321|0x000000072ce00000, 0x000000072d000000, 0x000000072d000000|100%| O|  |TAMS 0x000000072d000000, 0x000000072ce00000| Updating 
| 322|0x000000072d000000, 0x000000072d200000, 0x000000072d200000|100%| O|  |TAMS 0x000000072d200000, 0x000000072d000000| Untracked 
| 323|0x000000072d200000, 0x000000072d400000, 0x000000072d400000|100%| O|  |TAMS 0x000000072d400000, 0x000000072d200000| Updating 
| 324|0x000000072d400000, 0x000000072d600000, 0x000000072d600000|100%| O|  |TAMS 0x000000072d600000, 0x000000072d400000| Updating 
| 325|0x000000072d600000, 0x000000072d800000, 0x000000072d800000|100%| O|  |TAMS 0x000000072d800000, 0x000000072d600000| Updating 
| 326|0x000000072d800000, 0x000000072da00000, 0x000000072da00000|100%| O|  |TAMS 0x000000072da00000, 0x000000072d800000| Updating 
| 327|0x000000072da00000, 0x000000072dc00000, 0x000000072dc00000|100%| O|  |TAMS 0x000000072dc00000, 0x000000072da00000| Updating 
| 328|0x000000072dc00000, 0x000000072de00000, 0x000000072de00000|100%| O|  |TAMS 0x000000072de00000, 0x000000072dc00000| Untracked 
| 329|0x000000072de00000, 0x000000072e000000, 0x000000072e000000|100%| O|  |TAMS 0x000000072e000000, 0x000000072de00000| Untracked 
| 330|0x000000072e000000, 0x000000072e200000, 0x000000072e200000|100%| O|  |TAMS 0x000000072e200000, 0x000000072e000000| Untracked 
| 331|0x000000072e200000, 0x000000072e400000, 0x000000072e400000|100%| O|  |TAMS 0x000000072e400000, 0x000000072e200000| Untracked 
| 332|0x000000072e400000, 0x000000072e600000, 0x000000072e600000|100%| O|  |TAMS 0x000000072e600000, 0x000000072e400000| Untracked 
| 333|0x000000072e600000, 0x000000072e800000, 0x000000072e800000|100%| O|  |TAMS 0x000000072e800000, 0x000000072e600000| Untracked 
| 334|0x000000072e800000, 0x000000072ea00000, 0x000000072ea00000|100%| O|  |TAMS 0x000000072ea00000, 0x000000072e800000| Untracked 
| 335|0x000000072ea00000, 0x000000072ec00000, 0x000000072ec00000|100%| O|  |TAMS 0x000000072ec00000, 0x000000072ea00000| Updating 
| 336|0x000000072ec00000, 0x000000072ee00000, 0x000000072ee00000|100%| O|  |TAMS 0x000000072ee00000, 0x000000072ec00000| Untracked 
| 337|0x000000072ee00000, 0x000000072f000000, 0x000000072f000000|100%| O|  |TAMS 0x000000072f000000, 0x000000072ee00000| Updating 
| 338|0x000000072f000000, 0x000000072f200000, 0x000000072f200000|100%| O|  |TAMS 0x000000072f200000, 0x000000072f000000| Untracked 
| 339|0x000000072f200000, 0x000000072f400000, 0x000000072f400000|100%| O|  |TAMS 0x000000072f400000, 0x000000072f200000| Updating 
| 340|0x000000072f400000, 0x000000072f600000, 0x000000072f600000|100%| O|  |TAMS 0x000000072f600000, 0x000000072f400000| Updating 
| 341|0x000000072f600000, 0x000000072f800000, 0x000000072f800000|100%| O|  |TAMS 0x000000072f800000, 0x000000072f600000| Updating 
| 342|0x000000072f800000, 0x000000072fa00000, 0x000000072fa00000|100%| O|  |TAMS 0x000000072fa00000, 0x000000072f800000| Updating 
| 343|0x000000072fa00000, 0x000000072fc00000, 0x000000072fc00000|100%| O|  |TAMS 0x000000072fc00000, 0x000000072fa00000| Updating 
| 344|0x000000072fc00000, 0x000000072fe00000, 0x000000072fe00000|100%| O|  |TAMS 0x000000072fe00000, 0x000000072fc00000| Updating 
| 345|0x000000072fe00000, 0x0000000730000000, 0x0000000730000000|100%| O|  |TAMS 0x0000000730000000, 0x000000072fe00000| Updating 
| 346|0x0000000730000000, 0x0000000730200000, 0x0000000730200000|100%| O|  |TAMS 0x0000000730200000, 0x0000000730000000| Updating 
| 347|0x0000000730200000, 0x0000000730400000, 0x0000000730400000|100%| O|  |TAMS 0x0000000730400000, 0x0000000730200000| Updating 
| 348|0x0000000730400000, 0x0000000730600000, 0x0000000730600000|100%| O|  |TAMS 0x0000000730600000, 0x0000000730400000| Untracked 
| 349|0x0000000730600000, 0x0000000730800000, 0x0000000730800000|100%| O|  |TAMS 0x0000000730800000, 0x0000000730600000| Untracked 
| 350|0x0000000730800000, 0x0000000730a00000, 0x0000000730a00000|100%| O|  |TAMS 0x0000000730a00000, 0x0000000730800000| Untracked 
| 351|0x0000000730a00000, 0x0000000730c00000, 0x0000000730c00000|100%| O|  |TAMS 0x0000000730c00000, 0x0000000730a00000| Updating 
| 352|0x0000000730c00000, 0x0000000730e00000, 0x0000000730e00000|100%| O|  |TAMS 0x0000000730e00000, 0x0000000730c00000| Untracked 
| 353|0x0000000730e00000, 0x0000000731000000, 0x0000000731000000|100%| O|  |TAMS 0x0000000731000000, 0x0000000730e00000| Updating 
| 354|0x0000000731000000, 0x0000000731200000, 0x0000000731200000|100%| O|  |TAMS 0x0000000731200000, 0x0000000731000000| Updating 
| 355|0x0000000731200000, 0x0000000731400000, 0x0000000731400000|100%| O|  |TAMS 0x0000000731400000, 0x0000000731200000| Updating 
| 356|0x0000000731400000, 0x0000000731600000, 0x0000000731600000|100%| O|  |TAMS 0x0000000731600000, 0x0000000731400000| Updating 
| 357|0x0000000731600000, 0x0000000731800000, 0x0000000731800000|100%| O|  |TAMS 0x0000000731800000, 0x0000000731600000| Updating 
| 358|0x0000000731800000, 0x0000000731a00000, 0x0000000731a00000|100%| O|  |TAMS 0x0000000731a00000, 0x0000000731800000| Updating 
| 359|0x0000000731a00000, 0x0000000731c00000, 0x0000000731c00000|100%| O|  |TAMS 0x0000000731c00000, 0x0000000731a00000| Updating 
| 360|0x0000000731c00000, 0x0000000731e00000, 0x0000000731e00000|100%| O|  |TAMS 0x0000000731e00000, 0x0000000731c00000| Updating 
| 361|0x0000000731e00000, 0x0000000732000000, 0x0000000732000000|100%| O|  |TAMS 0x0000000732000000, 0x0000000731e00000| Updating 
| 362|0x0000000732000000, 0x0000000732200000, 0x0000000732200000|100%| O|  |TAMS 0x0000000732200000, 0x0000000732000000| Updating 
| 363|0x0000000732200000, 0x0000000732400000, 0x0000000732400000|100%| O|  |TAMS 0x0000000732400000, 0x0000000732200000| Updating 
| 364|0x0000000732400000, 0x0000000732600000, 0x0000000732600000|100%| O|  |TAMS 0x0000000732600000, 0x0000000732400000| Updating 
| 365|0x0000000732600000, 0x0000000732800000, 0x0000000732800000|100%| O|  |TAMS 0x0000000732800000, 0x0000000732600000| Updating 
| 366|0x0000000732800000, 0x0000000732a00000, 0x0000000732a00000|100%| O|  |TAMS 0x0000000732a00000, 0x0000000732800000| Updating 
| 367|0x0000000732a00000, 0x0000000732c00000, 0x0000000732c00000|100%| O|  |TAMS 0x0000000732c00000, 0x0000000732a00000| Updating 
| 368|0x0000000732c00000, 0x0000000732e00000, 0x0000000732e00000|100%| O|  |TAMS 0x0000000732e00000, 0x0000000732c00000| Updating 
| 369|0x0000000732e00000, 0x0000000733000000, 0x0000000733000000|100%| O|  |TAMS 0x0000000733000000, 0x0000000732e00000| Untracked 
| 370|0x0000000733000000, 0x0000000733200000, 0x0000000733200000|100%| O|  |TAMS 0x0000000733200000, 0x0000000733000000| Updating 
| 371|0x0000000733200000, 0x0000000733400000, 0x0000000733400000|100%| O|  |TAMS 0x0000000733400000, 0x0000000733200000| Updating 
| 372|0x0000000733400000, 0x0000000733600000, 0x0000000733600000|100%| O|  |TAMS 0x0000000733600000, 0x0000000733400000| Updating 
| 373|0x0000000733600000, 0x0000000733800000, 0x0000000733800000|100%| O|  |TAMS 0x0000000733800000, 0x0000000733600000| Updating 
| 374|0x0000000733800000, 0x0000000733a00000, 0x0000000733a00000|100%| O|  |TAMS 0x0000000733a00000, 0x0000000733800000| Updating 
| 375|0x0000000733a00000, 0x0000000733c00000, 0x0000000733c00000|100%| O|  |TAMS 0x0000000733c00000, 0x0000000733a00000| Updating 
| 376|0x0000000733c00000, 0x0000000733e00000, 0x0000000733e00000|100%| O|  |TAMS 0x0000000733e00000, 0x0000000733c00000| Updating 
| 377|0x0000000733e00000, 0x0000000734000000, 0x0000000734000000|100%| O|  |TAMS 0x0000000734000000, 0x0000000733e00000| Updating 
| 378|0x0000000734000000, 0x0000000734200000, 0x0000000734200000|100%| O|  |TAMS 0x0000000734200000, 0x0000000734000000| Updating 
| 379|0x0000000734200000, 0x0000000734400000, 0x0000000734400000|100%| O|  |TAMS 0x0000000734400000, 0x0000000734200000| Updating 
| 380|0x0000000734400000, 0x0000000734600000, 0x0000000734600000|100%| O|  |TAMS 0x0000000734600000, 0x0000000734400000| Updating 
| 381|0x0000000734600000, 0x0000000734800000, 0x0000000734800000|100%| O|  |TAMS 0x0000000734800000, 0x0000000734600000| Updating 
| 382|0x0000000734800000, 0x0000000734a00000, 0x0000000734a00000|100%| O|  |TAMS 0x0000000734a00000, 0x0000000734800000| Updating 
| 383|0x0000000734a00000, 0x0000000734c00000, 0x0000000734c00000|100%| O|  |TAMS 0x0000000734c00000, 0x0000000734a00000| Updating 
| 384|0x0000000734c00000, 0x0000000734e00000, 0x0000000734e00000|100%| O|  |TAMS 0x0000000734e00000, 0x0000000734c00000| Updating 
| 385|0x0000000734e00000, 0x0000000735000000, 0x0000000735000000|100%| O|  |TAMS 0x0000000735000000, 0x0000000734e00000| Updating 
| 386|0x0000000735000000, 0x0000000735200000, 0x0000000735200000|100%| O|  |TAMS 0x0000000735200000, 0x0000000735000000| Updating 
| 387|0x0000000735200000, 0x0000000735400000, 0x0000000735400000|100%| O|  |TAMS 0x0000000735400000, 0x0000000735200000| Updating 
| 388|0x0000000735400000, 0x0000000735600000, 0x0000000735600000|100%| O|  |TAMS 0x0000000735600000, 0x0000000735400000| Updating 
| 389|0x0000000735600000, 0x0000000735800000, 0x0000000735800000|100%| O|  |TAMS 0x0000000735800000, 0x0000000735600000| Updating 
| 390|0x0000000735800000, 0x0000000735a00000, 0x0000000735a00000|100%| O|  |TAMS 0x0000000735a00000, 0x0000000735800000| Untracked 
| 391|0x0000000735a00000, 0x0000000735c00000, 0x0000000735c00000|100%| O|  |TAMS 0x0000000735c00000, 0x0000000735a00000| Untracked 
| 392|0x0000000735c00000, 0x0000000735e00000, 0x0000000735e00000|100%| O|  |TAMS 0x0000000735e00000, 0x0000000735c00000| Untracked 
| 393|0x0000000735e00000, 0x0000000736000000, 0x0000000736000000|100%| O|  |TAMS 0x0000000736000000, 0x0000000735e00000| Updating 
| 394|0x0000000736000000, 0x0000000736200000, 0x0000000736200000|100%| O|  |TAMS 0x0000000736200000, 0x0000000736000000| Updating 
| 395|0x0000000736200000, 0x0000000736400000, 0x0000000736400000|100%| O|  |TAMS 0x0000000736400000, 0x0000000736200000| Updating 
| 396|0x0000000736400000, 0x0000000736600000, 0x0000000736600000|100%| O|  |TAMS 0x0000000736600000, 0x0000000736400000| Updating 
| 397|0x0000000736600000, 0x0000000736800000, 0x0000000736800000|100%| O|  |TAMS 0x0000000736800000, 0x0000000736600000| Updating 
| 398|0x0000000736800000, 0x0000000736a00000, 0x0000000736a00000|100%| O|  |TAMS 0x0000000736a00000, 0x0000000736800000| Updating 
| 399|0x0000000736a00000, 0x0000000736c00000, 0x0000000736c00000|100%| O|  |TAMS 0x0000000736c00000, 0x0000000736a00000| Updating 
| 400|0x0000000736c00000, 0x0000000736e00000, 0x0000000736e00000|100%| O|  |TAMS 0x0000000736e00000, 0x0000000736c00000| Updating 
| 401|0x0000000736e00000, 0x0000000737000000, 0x0000000737000000|100%| O|  |TAMS 0x0000000737000000, 0x0000000736e00000| Updating 
| 402|0x0000000737000000, 0x0000000737200000, 0x0000000737200000|100%| O|  |TAMS 0x0000000737200000, 0x0000000737000000| Updating 
| 403|0x0000000737200000, 0x0000000737400000, 0x0000000737400000|100%| O|  |TAMS 0x0000000737400000, 0x0000000737200000| Updating 
| 404|0x0000000737400000, 0x0000000737600000, 0x0000000737600000|100%| O|  |TAMS 0x0000000737600000, 0x0000000737400000| Updating 
| 405|0x0000000737600000, 0x0000000737800000, 0x0000000737800000|100%| O|  |TAMS 0x0000000737800000, 0x0000000737600000| Untracked 
| 406|0x0000000737800000, 0x0000000737a00000, 0x0000000737a00000|100%| O|  |TAMS 0x0000000737a00000, 0x0000000737800000| Updating 
| 407|0x0000000737a00000, 0x0000000737c00000, 0x0000000737c00000|100%| O|  |TAMS 0x0000000737c00000, 0x0000000737a00000| Updating 
| 408|0x0000000737c00000, 0x0000000737e00000, 0x0000000737e00000|100%| O|  |TAMS 0x0000000737e00000, 0x0000000737c00000| Updating 
| 409|0x0000000737e00000, 0x0000000738000000, 0x0000000738000000|100%| O|  |TAMS 0x0000000738000000, 0x0000000737e00000| Untracked 
| 410|0x0000000738000000, 0x0000000738200000, 0x0000000738200000|100%| O|  |TAMS 0x0000000738200000, 0x0000000738000000| Updating 
| 411|0x0000000738200000, 0x0000000738400000, 0x0000000738400000|100%| O|  |TAMS 0x0000000738400000, 0x0000000738200000| Updating 
| 412|0x0000000738400000, 0x0000000738600000, 0x0000000738600000|100%| O|  |TAMS 0x0000000738600000, 0x0000000738400000| Untracked 
| 413|0x0000000738600000, 0x0000000738800000, 0x0000000738800000|100%| O|  |TAMS 0x0000000738800000, 0x0000000738600000| Updating 
| 414|0x0000000738800000, 0x0000000738a00000, 0x0000000738a00000|100%| O|  |TAMS 0x0000000738a00000, 0x0000000738800000| Updating 
| 415|0x0000000738a00000, 0x0000000738c00000, 0x0000000738c00000|100%| O|  |TAMS 0x0000000738c00000, 0x0000000738a00000| Updating 
| 416|0x0000000738c00000, 0x0000000738e00000, 0x0000000738e00000|100%| O|  |TAMS 0x0000000738e00000, 0x0000000738c00000| Updating 
| 417|0x0000000738e00000, 0x0000000739000000, 0x0000000739000000|100%| O|  |TAMS 0x0000000739000000, 0x0000000738e00000| Updating 
| 418|0x0000000739000000, 0x0000000739200000, 0x0000000739200000|100%| O|  |TAMS 0x0000000739200000, 0x0000000739000000| Updating 
| 419|0x0000000739200000, 0x0000000739400000, 0x0000000739400000|100%| O|  |TAMS 0x0000000739400000, 0x0000000739200000| Updating 
| 420|0x0000000739400000, 0x0000000739600000, 0x0000000739600000|100%| O|  |TAMS 0x0000000739600000, 0x0000000739400000| Untracked 
| 421|0x0000000739600000, 0x0000000739800000, 0x0000000739800000|100%| O|  |TAMS 0x0000000739800000, 0x0000000739600000| Untracked 
| 422|0x0000000739800000, 0x0000000739a00000, 0x0000000739a00000|100%| O|  |TAMS 0x0000000739a00000, 0x0000000739800000| Untracked 
| 423|0x0000000739a00000, 0x0000000739c00000, 0x0000000739c00000|100%| O|  |TAMS 0x0000000739c00000, 0x0000000739a00000| Updating 
| 424|0x0000000739c00000, 0x0000000739e00000, 0x0000000739e00000|100%| O|  |TAMS 0x0000000739d42800, 0x0000000739c00000| Updating 
| 425|0x0000000739e00000, 0x000000073a000000, 0x000000073a000000|100%| O|  |TAMS 0x0000000739e00000, 0x0000000739e00000| Untracked 
| 426|0x000000073a000000, 0x000000073a200000, 0x000000073a200000|100%| O|  |TAMS 0x000000073a000000, 0x000000073a000000| Untracked 
| 427|0x000000073a200000, 0x000000073a400000, 0x000000073a400000|100%| O|  |TAMS 0x000000073a200000, 0x000000073a200000| Untracked 
| 428|0x000000073a400000, 0x000000073a4d2a00, 0x000000073a600000| 41%| O|  |TAMS 0x000000073a400000, 0x000000073a400000| Updating 
| 429|0x000000073a600000, 0x000000073a600000, 0x000000073a800000|  0%| F|  |TAMS 0x000000073a600000, 0x000000073a600000| Untracked 
| 430|0x000000073a800000, 0x000000073a800000, 0x000000073aa00000|  0%| F|  |TAMS 0x000000073a800000, 0x000000073a800000| Untracked 
| 431|0x000000073aa00000, 0x000000073aa00000, 0x000000073ac00000|  0%| F|  |TAMS 0x000000073aa00000, 0x000000073aa00000| Untracked 
| 432|0x000000073ac00000, 0x000000073ac00000, 0x000000073ae00000|  0%| F|  |TAMS 0x000000073ac00000, 0x000000073ac00000| Untracked 
| 433|0x000000073ae00000, 0x000000073ae00000, 0x000000073b000000|  0%| F|  |TAMS 0x000000073ae00000, 0x000000073ae00000| Untracked 
| 434|0x000000073b000000, 0x000000073b000000, 0x000000073b200000|  0%| F|  |TAMS 0x000000073b000000, 0x000000073b000000| Untracked 
| 435|0x000000073b200000, 0x000000073b200000, 0x000000073b400000|  0%| F|  |TAMS 0x000000073b200000, 0x000000073b200000| Untracked 
| 436|0x000000073b400000, 0x000000073b400000, 0x000000073b600000|  0%| F|  |TAMS 0x000000073b400000, 0x000000073b400000| Untracked 
| 437|0x000000073b600000, 0x000000073b600000, 0x000000073b800000|  0%| F|  |TAMS 0x000000073b600000, 0x000000073b600000| Untracked 
| 438|0x000000073b800000, 0x000000073b800000, 0x000000073ba00000|  0%| F|  |TAMS 0x000000073b800000, 0x000000073b800000| Untracked 
| 439|0x000000073ba00000, 0x000000073ba00000, 0x000000073bc00000|  0%| F|  |TAMS 0x000000073ba00000, 0x000000073ba00000| Untracked 
| 440|0x000000073bc00000, 0x000000073bc00000, 0x000000073be00000|  0%| F|  |TAMS 0x000000073bc00000, 0x000000073bc00000| Untracked 
| 441|0x000000073be00000, 0x000000073be00000, 0x000000073c000000|  0%| F|  |TAMS 0x000000073be00000, 0x000000073be00000| Untracked 
| 442|0x000000073c000000, 0x000000073c000000, 0x000000073c200000|  0%| F|  |TAMS 0x000000073c000000, 0x000000073c000000| Untracked 
| 443|0x000000073c200000, 0x000000073c200000, 0x000000073c400000|  0%| F|  |TAMS 0x000000073c200000, 0x000000073c200000| Untracked 
| 444|0x000000073c400000, 0x000000073c400000, 0x000000073c600000|  0%| F|  |TAMS 0x000000073c400000, 0x000000073c400000| Untracked 
| 445|0x000000073c600000, 0x000000073c600000, 0x000000073c800000|  0%| F|  |TAMS 0x000000073c600000, 0x000000073c600000| Untracked 
| 446|0x000000073c800000, 0x000000073c800000, 0x000000073ca00000|  0%| F|  |TAMS 0x000000073c800000, 0x000000073c800000| Untracked 
| 447|0x000000073ca00000, 0x000000073ca00000, 0x000000073cc00000|  0%| F|  |TAMS 0x000000073ca00000, 0x000000073ca00000| Untracked 
| 448|0x000000073cc00000, 0x000000073cc00000, 0x000000073ce00000|  0%| F|  |TAMS 0x000000073cc00000, 0x000000073cc00000| Untracked 
| 449|0x000000073ce00000, 0x000000073ce00000, 0x000000073d000000|  0%| F|  |TAMS 0x000000073ce00000, 0x000000073ce00000| Untracked 
| 450|0x000000073d000000, 0x000000073d000000, 0x000000073d200000|  0%| F|  |TAMS 0x000000073d000000, 0x000000073d000000| Untracked 
| 451|0x000000073d200000, 0x000000073d200000, 0x000000073d400000|  0%| F|  |TAMS 0x000000073d200000, 0x000000073d200000| Untracked 
| 452|0x000000073d400000, 0x000000073d400000, 0x000000073d600000|  0%| F|  |TAMS 0x000000073d400000, 0x000000073d400000| Untracked 
| 453|0x000000073d600000, 0x000000073d600000, 0x000000073d800000|  0%| F|  |TAMS 0x000000073d600000, 0x000000073d600000| Untracked 
| 454|0x000000073d800000, 0x000000073d800000, 0x000000073da00000|  0%| F|  |TAMS 0x000000073d800000, 0x000000073d800000| Untracked 
| 455|0x000000073da00000, 0x000000073dc00000, 0x000000073dc00000|100%| S|CS|TAMS 0x000000073da00000, 0x000000073da00000| Complete 
| 456|0x000000073dc00000, 0x000000073de00000, 0x000000073de00000|100%| S|CS|TAMS 0x000000073dc00000, 0x000000073dc00000| Complete 
| 457|0x000000073de00000, 0x000000073e000000, 0x000000073e000000|100%| S|CS|TAMS 0x000000073de00000, 0x000000073de00000| Complete 
| 458|0x000000073e000000, 0x000000073e000000, 0x000000073e200000|  0%| F|  |TAMS 0x000000073e000000, 0x000000073e000000| Untracked 
| 459|0x000000073e200000, 0x000000073e200000, 0x000000073e400000|  0%| F|  |TAMS 0x000000073e200000, 0x000000073e200000| Untracked 
| 460|0x000000073e400000, 0x000000073e400000, 0x000000073e600000|  0%| F|  |TAMS 0x000000073e400000, 0x000000073e400000| Untracked 
| 461|0x000000073e600000, 0x000000073e600000, 0x000000073e800000|  0%| F|  |TAMS 0x000000073e600000, 0x000000073e600000| Untracked 
| 462|0x000000073e800000, 0x000000073e800000, 0x000000073ea00000|  0%| F|  |TAMS 0x000000073e800000, 0x000000073e800000| Untracked 
| 463|0x000000073ea00000, 0x000000073ea00000, 0x000000073ec00000|  0%| F|  |TAMS 0x000000073ea00000, 0x000000073ea00000| Untracked 
| 464|0x000000073ec00000, 0x000000073ec00000, 0x000000073ee00000|  0%| F|  |TAMS 0x000000073ec00000, 0x000000073ec00000| Untracked 
| 465|0x000000073ee00000, 0x000000073ee00000, 0x000000073f000000|  0%| F|  |TAMS 0x000000073ee00000, 0x000000073ee00000| Untracked 
| 466|0x000000073f000000, 0x000000073f000000, 0x000000073f200000|  0%| F|  |TAMS 0x000000073f000000, 0x000000073f000000| Untracked 
| 467|0x000000073f200000, 0x000000073f200000, 0x000000073f400000|  0%| F|  |TAMS 0x000000073f200000, 0x000000073f200000| Untracked 
|1996|0x00000007fe400000, 0x00000007fe400000, 0x00000007fe600000|  0%| F|  |TAMS 0x00000007fe400000, 0x00000007fe400000| Untracked 
|1997|0x00000007fe600000, 0x00000007fe7c45d0, 0x00000007fe800000| 88%| E|  |TAMS 0x00000007fe600000, 0x00000007fe600000| Complete 
|1998|0x00000007fe800000, 0x00000007fea00000, 0x00000007fea00000|100%| E|CS|TAMS 0x00000007fe800000, 0x00000007fe800000| Complete 
|1999|0x00000007fea00000, 0x00000007fec00000, 0x00000007fec00000|100%| E|CS|TAMS 0x00000007fea00000, 0x00000007fea00000| Complete 
|2000|0x00000007fec00000, 0x00000007fee00000, 0x00000007fee00000|100%| E|CS|TAMS 0x00000007fec00000, 0x00000007fec00000| Complete 
|2001|0x00000007fee00000, 0x00000007ff000000, 0x00000007ff000000|100%| E|CS|TAMS 0x00000007fee00000, 0x00000007fee00000| Complete 
|2002|0x00000007ff000000, 0x00000007ff200000, 0x00000007ff200000|100%| E|CS|TAMS 0x00000007ff000000, 0x00000007ff000000| Complete 
|2003|0x00000007ff200000, 0x00000007ff400000, 0x00000007ff400000|100%| E|CS|TAMS 0x00000007ff200000, 0x00000007ff200000| Complete 
|2004|0x00000007ff400000, 0x00000007ff600000, 0x00000007ff600000|100%| O|  |TAMS 0x00000007ff600000, 0x00000007ff400000| Updating 
|2005|0x00000007ff600000, 0x00000007ff800000, 0x00000007ff800000|100%| E|CS|TAMS 0x00000007ff600000, 0x00000007ff600000| Complete 
|2006|0x00000007ff800000, 0x00000007ffa00000, 0x00000007ffa00000|100%| E|CS|TAMS 0x00000007ff800000, 0x00000007ff800000| Complete 
|2007|0x00000007ffa00000, 0x00000007ffc00000, 0x00000007ffc00000|100%| E|CS|TAMS 0x00000007ffa00000, 0x00000007ffa00000| Complete 
|2008|0x00000007ffc00000, 0x00000007ffe00000, 0x00000007ffe00000|100%| O|  |TAMS 0x00000007ffe00000, 0x00000007ffc00000| Updating 
|2009|0x00000007ffe00000, 0x0000000800000000, 0x0000000800000000|100%| O|  |TAMS 0x0000000800000000, 0x00000007ffe00000| Updating 

Card table byte_map: [0x0000028076430000,0x0000028076c10000] _byte_map_base: 0x0000028072c0a000

Marking Bits (Prev, Next): (CMBitMap*) 0x000002806ab8ac40, (CMBitMap*) 0x000002806ab8ac00
 Prev Bits: [0x000002807b2c0000, 0x000002807f190000)
 Next Bits: [0x00000280773f0000, 0x000002807b2c0000)

Polling page: 0x00000280689e0000

Metaspace:

Usage:
  Non-class:    108.90 MB used.
      Class:     16.75 MB used.
       Both:    125.66 MB used.

Virtual space:
  Non-class space:      128.00 MB reserved,     109.31 MB ( 85%) committed,  2 nodes.
      Class space:        1.00 GB reserved,      17.12 MB (  2%) committed,  1 nodes.
             Both:        1.12 GB reserved,     126.44 MB ( 11%) committed. 

Chunk freelists:
   Non-Class:  1.84 MB
       Class:  14.84 MB
        Both:  16.68 MB

MaxMetaspaceSize: unlimited
CompressedClassSpaceSize: 1.00 GB
Initial GC threshold: 21.00 MB
Current GC threshold: 210.75 MB
CDS: on
MetaspaceReclaimPolicy: balanced
 - commit_granule_bytes: 65536.
 - commit_granule_words: 8192.
 - virtual_space_node_default_size: 8388608.
 - enlarge_chunks_in_place: 1.
 - new_chunks_are_fully_committed: 0.
 - uncommit_free_chunks: 1.
 - use_allocation_guard: 0.
 - handle_deallocations: 1.


Internal statistics:

num_allocs_failed_limit: 9.
num_arena_births: 1168.
num_arena_deaths: 0.
num_vsnodes_births: 3.
num_vsnodes_deaths: 0.
num_space_committed: 2023.
num_space_uncommitted: 0.
num_chunks_returned_to_freelist: 9.
num_chunks_taken_from_freelist: 5776.
num_chunk_merges: 6.
num_chunk_splits: 4468.
num_chunks_enlarged: 3706.
num_inconsistent_stats: 0.

CodeCache: size=49152Kb used=25139Kb max_used=28253Kb free=24012Kb
 bounds [0x00000280723c0000, 0x0000028073f60000, 0x00000280753c0000]
 total_blobs=15747 nmethods=14924 adapters=749
 compilation: enabled
              stopped_count=0, restarted_count=0
 full_count=0

Compilation events (20 events):
Event: 37.557 Thread 0x000002800256d480 15149       1       org.hibernate.engine.jdbc.internal.JdbcServicesImpl::getSqlStatementLogger (5 bytes)
Event: 37.557 Thread 0x000002800256d480 nmethod 15149 0x00000280725a8a90 code [0x00000280725a8c20, 0x00000280725a8cf8]
Event: 37.840 Thread 0x000002800256d480 15150       1       org.postgresql.core.v3.QueryExecutorImpl::receiveRFQ (165 bytes)
Event: 37.841 Thread 0x000002800256d480 nmethod 15150 0x00000280725a7990 code [0x00000280725a7c00, 0x00000280725a85a8]
Event: 37.877 Thread 0x000002800256d480 15151       1       org.postgresql.jdbc.PgConnection::getAutoCommit (9 bytes)
Event: 37.877 Thread 0x000002800256d480 nmethod 15151 0x00000280725a7190 code [0x00000280725a7360, 0x00000280725a7748]
Event: 37.877 Thread 0x000002800256d480 15152       1       org.postgresql.core.v3.QueryExecutorImpl::updateQueryMode (36 bytes)
Event: 37.877 Thread 0x000002800256d480 nmethod 15152 0x00000280725a6e10 code [0x00000280725a6fa0, 0x00000280725a70d8]
Event: 37.912 Thread 0x000002800256d480 15153       1       org.hibernate.query.sqm.tree.domain.AbstractSqmFrom::getExplicitAlias (5 bytes)
Event: 37.913 Thread 0x000002800256d480 nmethod 15153 0x00000280725a6b10 code [0x00000280725a6ca0, 0x00000280725a6d78]
Event: 38.025 Thread 0x000002800256d480 15154       1       org.postgresql.core.ResultHandlerBase::<init> (5 bytes)
Event: 38.025 Thread 0x000002800256d480 nmethod 15154 0x00000280725a6810 code [0x00000280725a69a0, 0x00000280725a6a58]
Event: 38.025 Thread 0x000002800256d480 15155   !   1       org.postgresql.core.v3.QueryExecutorImpl::waitOnLock (49 bytes)
Event: 38.025 Thread 0x000002800256d480 nmethod 15155 0x00000280725a6090 code [0x00000280725a6280, 0x00000280725a6628]
Event: 38.025 Thread 0x000002800256d480 15156       1       org.postgresql.core.v3.QueryExecutorImpl::sendQueryPreamble (94 bytes)
Event: 38.025 Thread 0x000002800256d480 nmethod 15156 0x00000280725a5a10 code [0x00000280725a5be0, 0x00000280725a5f58]
Event: 38.025 Thread 0x000002800256d480 15157       1       org.postgresql.core.v3.QueryExecutorImpl::processDeadPortals (43 bytes)
Event: 38.026 Thread 0x000002800256d480 nmethod 15157 0x00000280725a5390 code [0x00000280725a5560, 0x00000280725a5838]
Event: 38.026 Thread 0x000002800256d480 15158       1       org.postgresql.core.v3.QueryExecutorImpl::shouldCreateAutomaticSavepoint (56 bytes)
Event: 38.026 Thread 0x000002800256d480 nmethod 15158 0x00000280725a4e10 code [0x00000280725a4fc0, 0x00000280725a52a8]

GC Heap History (20 events):
Event: 34.385 GC heap before
{Heap before GC invocations=69 (full 0):
 garbage-first heap   total 987136K, used 783357K [0x0000000704c00000, 0x0000000800000000)
  region size 2048K, 52 young (106496K), 8 survivors (16384K)
 Metaspace       used 128671K, committed 129472K, reserved 1179648K
  class space    used 17156K, committed 17536K, reserved 1048576K
}
Event: 34.400 GC heap after
{Heap after GC invocations=70 (full 0):
 garbage-first heap   total 987136K, used 732490K [0x0000000704c00000, 0x0000000800000000)
  region size 2048K, 7 young (14336K), 7 survivors (14336K)
 Metaspace       used 128671K, committed 129472K, reserved 1179648K
  class space    used 17156K, committed 17536K, reserved 1048576K
}
Event: 34.852 GC heap before
{Heap before GC invocations=70 (full 0):
 garbage-first heap   total 987136K, used 800074K [0x0000000704c00000, 0x0000000800000000)
  region size 2048K, 40 young (81920K), 7 survivors (14336K)
 Metaspace       used 128671K, committed 129472K, reserved 1179648K
  class space    used 17156K, committed 17536K, reserved 1048576K
}
Event: 34.893 GC heap after
{Heap after GC invocations=71 (full 0):
 garbage-first heap   total 987136K, used 765766K [0x0000000704c00000, 0x0000000800000000)
  region size 2048K, 5 young (10240K), 5 survivors (10240K)
 Metaspace       used 128671K, committed 129472K, reserved 1179648K
  class space    used 17156K, committed 17536K, reserved 1048576K
}
Event: 35.075 GC heap before
{Heap before GC invocations=71 (full 0):
 garbage-first heap   total 987136K, used 814918K [0x0000000704c00000, 0x0000000800000000)
  region size 2048K, 30 young (61440K), 5 survivors (10240K)
 Metaspace       used 128671K, committed 129472K, reserved 1179648K
  class space    used 17156K, committed 17536K, reserved 1048576K
}
Event: 35.132 GC heap after
{Heap after GC invocations=72 (full 0):
 garbage-first heap   total 987136K, used 796448K [0x0000000704c00000, 0x0000000800000000)
  region size 2048K, 4 young (8192K), 4 survivors (8192K)
 Metaspace       used 128671K, committed 129472K, reserved 1179648K
  class space    used 17156K, committed 17536K, reserved 1048576K
}
Event: 35.565 GC heap before
{Heap before GC invocations=72 (full 0):
 garbage-first heap   total 987136K, used 837408K [0x0000000704c00000, 0x0000000800000000)
  region size 2048K, 24 young (49152K), 4 survivors (8192K)
 Metaspace       used 128671K, committed 129472K, reserved 1179648K
  class space    used 17156K, committed 17536K, reserved 1048576K
}
Event: 35.574 GC heap after
{Heap after GC invocations=73 (full 0):
 garbage-first heap   total 987136K, used 809924K [0x0000000704c00000, 0x0000000800000000)
  region size 2048K, 3 young (6144K), 3 survivors (6144K)
 Metaspace       used 128671K, committed 129472K, reserved 1179648K
  class space    used 17156K, committed 17536K, reserved 1048576K
}
Event: 35.990 GC heap before
{Heap before GC invocations=73 (full 0):
 garbage-first heap   total 987136K, used 852932K [0x0000000704c00000, 0x0000000800000000)
  region size 2048K, 24 young (49152K), 3 survivors (6144K)
 Metaspace       used 128671K, committed 129472K, reserved 1179648K
  class space    used 17156K, committed 17536K, reserved 1048576K
}
Event: 35.999 GC heap after
{Heap after GC invocations=74 (full 0):
 garbage-first heap   total 987136K, used 823982K [0x0000000704c00000, 0x0000000800000000)
  region size 2048K, 3 young (6144K), 3 survivors (6144K)
 Metaspace       used 128671K, committed 129472K, reserved 1179648K
  class space    used 17156K, committed 17536K, reserved 1048576K
}
Event: 36.392 GC heap before
{Heap before GC invocations=74 (full 0):
 garbage-first heap   total 987136K, used 866990K [0x0000000704c00000, 0x0000000800000000)
  region size 2048K, 24 young (49152K), 3 survivors (6144K)
 Metaspace       used 128671K, committed 129472K, reserved 1179648K
  class space    used 17156K, committed 17536K, reserved 1048576K
}
Event: 36.398 GC heap after
{Heap after GC invocations=75 (full 0):
 garbage-first heap   total 987136K, used 841208K [0x0000000704c00000, 0x0000000800000000)
  region size 2048K, 3 young (6144K), 3 survivors (6144K)
 Metaspace       used 128671K, committed 129472K, reserved 1179648K
  class space    used 17156K, committed 17536K, reserved 1048576K
}
Event: 36.605 GC heap before
{Heap before GC invocations=75 (full 0):
 garbage-first heap   total 987136K, used 884216K [0x0000000704c00000, 0x0000000800000000)
  region size 2048K, 24 young (49152K), 3 survivors (6144K)
 Metaspace       used 128671K, committed 129472K, reserved 1179648K
  class space    used 17156K, committed 17536K, reserved 1048576K
}
Event: 36.612 GC heap after
{Heap after GC invocations=76 (full 0):
 garbage-first heap   total 987136K, used 854714K [0x0000000704c00000, 0x0000000800000000)
  region size 2048K, 3 young (6144K), 3 survivors (6144K)
 Metaspace       used 128671K, committed 129472K, reserved 1179648K
  class space    used 17156K, committed 17536K, reserved 1048576K
}
Event: 37.004 GC heap before
{Heap before GC invocations=76 (full 0):
 garbage-first heap   total 987136K, used 897722K [0x0000000704c00000, 0x0000000800000000)
  region size 2048K, 24 young (49152K), 3 survivors (6144K)
 Metaspace       used 128671K, committed 129472K, reserved 1179648K
  class space    used 17156K, committed 17536K, reserved 1048576K
}
Event: 37.009 GC heap after
{Heap after GC invocations=77 (full 0):
 garbage-first heap   total 987136K, used 870357K [0x0000000704c00000, 0x0000000800000000)
  region size 2048K, 3 young (6144K), 3 survivors (6144K)
 Metaspace       used 128671K, committed 129472K, reserved 1179648K
  class space    used 17156K, committed 17536K, reserved 1048576K
}
Event: 37.451 GC heap before
{Heap before GC invocations=77 (full 0):
 garbage-first heap   total 987136K, used 913365K [0x0000000704c00000, 0x0000000800000000)
  region size 2048K, 24 young (49152K), 3 survivors (6144K)
 Metaspace       used 128671K, committed 129472K, reserved 1179648K
  class space    used 17156K, committed 17536K, reserved 1048576K
}
Event: 37.459 GC heap after
{Heap after GC invocations=78 (full 0):
 garbage-first heap   total 987136K, used 881236K [0x0000000704c00000, 0x0000000800000000)
  region size 2048K, 3 young (6144K), 3 survivors (6144K)
 Metaspace       used 128671K, committed 129472K, reserved 1179648K
  class space    used 17156K, committed 17536K, reserved 1048576K
}
Event: 37.893 GC heap before
{Heap before GC invocations=78 (full 0):
 garbage-first heap   total 987136K, used 924244K [0x0000000704c00000, 0x0000000800000000)
  region size 2048K, 24 young (49152K), 3 survivors (6144K)
 Metaspace       used 128671K, committed 129472K, reserved 1179648K
  class space    used 17156K, committed 17536K, reserved 1048576K
}
Event: 37.901 GC heap after
{Heap after GC invocations=79 (full 0):
 garbage-first heap   total 987136K, used 888980K [0x0000000704c00000, 0x0000000800000000)
  region size 2048K, 3 young (6144K), 3 survivors (6144K)
 Metaspace       used 128671K, committed 129472K, reserved 1179648K
  class space    used 17156K, committed 17536K, reserved 1048576K
}

Deoptimization events (10 events):
Event: 0.586 Thread 0x000002806ab16c60 DEOPT PACKING pc=0x0000028072852edc sp=0x000000ceb6dfda10
Event: 0.586 Thread 0x000002806ab16c60 DEOPT UNPACKING pc=0x0000028072412b43 sp=0x000000ceb6dfcf40 mode 0
Event: 1.944 Thread 0x000002806ab16c60 DEOPT PACKING pc=0x0000028072d4c26c sp=0x000000ceb6dfab10
Event: 1.944 Thread 0x000002806ab16c60 DEOPT UNPACKING pc=0x0000028072412b43 sp=0x000000ceb6df9fd0 mode 0
Event: 2.239 Thread 0x000002806ab16c60 DEOPT PACKING pc=0x0000028072891209 sp=0x000000ceb6dfe5b0
Event: 2.239 Thread 0x000002806ab16c60 DEOPT UNPACKING pc=0x0000028072412b43 sp=0x000000ceb6dfda40 mode 3
Event: 2.239 Thread 0x00000280494ef740 DEOPT PACKING pc=0x000002807283d01f sp=0x000000ceb9bfed70
Event: 2.239 Thread 0x00000280494ef740 DEOPT UNPACKING pc=0x0000028072412b43 sp=0x000000ceb9bfe1c8 mode 3
Event: 3.464 Thread 0x000002806ab16c60 DEOPT PACKING pc=0x000002807308a17c sp=0x000000ceb6dfce00
Event: 3.464 Thread 0x000002806ab16c60 DEOPT UNPACKING pc=0x0000028072412b43 sp=0x000000ceb6dfc2d0 mode 0

Classes unloaded (0 events):
No events

Classes redefined (0 events):
No events

Internal exceptions (20 events):
Event: 12.245 Thread 0x000002806ab16c60 Exception <a 'java/lang/NoSuchMethodError'{0x0000000720232ba8}: 'java.lang.Object java.lang.invoke.DirectMethodHandle$Holder.invokeInterface(java.lang.Object, java.lang.Object, int)'> (0x0000000720232ba8) 
thrown [s\open\src\hotspot\share\interpreter\linkResolver.cpp, line 759]
Event: 13.492 Thread 0x000002806ab16c60 Exception <a 'java/lang/IncompatibleClassChangeError'{0x000000072892fea0}: Found class java.lang.Object, but interface was expected> (0x000000072892fea0) 
thrown [s\open\src\hotspot\share\interpreter\linkResolver.cpp, line 826]
Event: 14.887 Thread 0x000002806ab16c60 Exception <a 'sun/nio/fs/WindowsException'{0x000000072100ae40}> (0x000000072100ae40) 
thrown [s\open\src\hotspot\share\prims\jni.cpp, line 516]
Event: 14.923 Thread 0x000002806ab16c60 Exception <a 'java/lang/NoSuchMethodError'{0x00000007202b1468}: 'java.lang.Object java.lang.invoke.DirectMethodHandle$Holder.invokeVirtual(java.lang.Object, java.lang.Object, java.lang.Object, int)'> (0x00000007202b1468) 
thrown [s\open\src\hotspot\share\interpreter\linkResolver.cpp, line 759]
Event: 14.940 Thread 0x000002806ab16c60 Exception <a 'java/lang/NoSuchMethodError'{0x000000071fe0f7e8}: 'java.lang.Object java.lang.invoke.DirectMethodHandle$Holder.invokeVirtual(java.lang.Object, java.lang.Object, int)'> (0x000000071fe0f7e8) 
thrown [s\open\src\hotspot\share\interpreter\linkResolver.cpp, line 759]
Event: 14.994 Thread 0x000002806ab16c60 Exception <a 'java/lang/IncompatibleClassChangeError'{0x000000071f93f9d0}: Found class java.lang.Object, but interface was expected> (0x000000071f93f9d0) 
thrown [s\open\src\hotspot\share\interpreter\linkResolver.cpp, line 826]
Event: 15.105 Thread 0x000002806ab16c60 Exception <a 'java/lang/IncompatibleClassChangeError'{0x000000072999e568}: Found class java.lang.Object, but interface was expected> (0x000000072999e568) 
thrown [s\open\src\hotspot\share\interpreter\linkResolver.cpp, line 826]
Event: 15.446 Thread 0x000002806ab16c60 Exception <a 'java/lang/NoSuchMethodError'{0x000000072201add8}: 'java.lang.Object java.lang.invoke.DirectMethodHandle$Holder.newInvokeSpecial(java.lang.Object, java.lang.Object, int, java.lang.Object, java.lang.Object)'> (0x000000072201add8) 
thrown [s\open\src\hotspot\share\interpreter\linkResolver.cpp, line 759]
Event: 15.446 Thread 0x000002806ab16c60 Exception <a 'java/lang/NoSuchMethodError'{0x000000072201ef88}: 'java.lang.Object java.lang.invoke.DirectMethodHandle$Holder.invokeSpecial(java.lang.Object, java.lang.Object, java.lang.Object, int, java.lang.Object, java.lang.Object)'> (0x000000072201ef88) 
thrown [s\open\src\hotspot\share\interpreter\linkResolver.cpp, line 759]
Event: 24.964 Thread 0x0000028049ceaad0 Exception <a 'java/lang/NoSuchMethodError'{0x0000000721caca78}: 'java.lang.Object java.lang.invoke.DirectMethodHandle$Holder.invokeStaticInit(java.lang.Object, java.lang.Object, java.lang.Object, int, int)'> (0x0000000721caca78) 
thrown [s\open\src\hotspot\share\interpreter\linkResolver.cpp, line 759]
Event: 24.988 Thread 0x0000028049ce7830 Exception <a 'java/lang/NoSuchMethodError'{0x00000007214b8dc0}: 'java.lang.Object java.lang.invoke.DirectMethodHandle$Holder.invokeSpecial(java.lang.Object, java.lang.Object, java.lang.Object, java.lang.Object, java.lang.Object, long)'> (0x00000007214b8dc0) 
thrown [s\open\src\hotspot\share\interpreter\linkResolver.cpp, line 759]
Event: 24.988 Thread 0x0000028049ce7830 Exception <a 'java/lang/NoSuchMethodError'{0x00000007214bc800}: 'java.lang.Object java.lang.invoke.Invokers$Holder.linkToTargetMethod(java.lang.Object, java.lang.Object, java.lang.Object, long, java.lang.Object)'> (0x00000007214bc800) 
thrown [s\open\src\hotspot\share\interpreter\linkResolver.cpp, line 759]
Event: 25.054 Thread 0x0000028049ce7830 Exception <a 'java/lang/NoSuchMethodError'{0x00000007210a3c00}: 'java.lang.Object java.lang.invoke.DirectMethodHandle$Holder.invokeStatic(java.lang.Object, java.lang.Object, java.lang.Object, java.lang.Object, java.lang.Object, java.lang.Object, java.lang.Object, java.lang.Object, java.lang.Object, java.lang.Object, int)'> (0x00000007210a3c00) 
thrown [s\open\src\hotspot\share\interpreter\linkResolver.cpp, line 759]
Event: 25.054 Thread 0x0000028049ce7830 Exception <a 'java/lang/NoSuchMethodError'{0x00000007210b0048}: 'java.lang.Object java.lang.invoke.DirectMethodHandle$Holder.invokeStatic(java.lang.Object, java.lang.Object, java.lang.Object, java.lang.Object, java.lang.Object, java.lang.Object, java.lang.Object, java.lang.Object, java.lang.Object, java.lang.Object, java.lang.Object, int)'> (0x00000007210b0048) 
thrown [s\open\src\hotspot\share\interpreter\linkResolver.cpp, line 759]
Event: 25.054 Thread 0x0000028049ce7830 Exception <a 'java/lang/NoSuchMethodError'{0x00000007210beea0}: 'java.lang.Object java.lang.invoke.DirectMethodHandle$Holder.invokeStatic(java.lang.Object, java.lang.Object, java.lang.Object, java.lang.Object, java.lang.Object, java.lang.Object, java.lang.Object, java.lang.Object, java.lang.Object, int)'> (0x00000007210beea0) 
thrown [s\open\src\hotspot\share\interpreter\linkResolver.cpp, line 759]
Event: 25.075 Thread 0x0000028049ce7830 Exception <a 'java/lang/NoSuchMethodError'{0x0000000720e6d5c0}: 'java.lang.Object java.lang.invoke.DirectMethodHandle$Holder.newInvokeSpecial(java.lang.Object, java.lang.Object, int, int)'> (0x0000000720e6d5c0) 
thrown [s\open\src\hotspot\share\interpreter\linkResolver.cpp, line 759]
Event: 25.075 Thread 0x0000028049ce7830 Exception <a 'java/lang/NoSuchMethodError'{0x0000000720e71b78}: 'java.lang.Object java.lang.invoke.DirectMethodHandle$Holder.invokeSpecial(java.lang.Object, java.lang.Object, java.lang.Object, int, int)'> (0x0000000720e71b78) 
thrown [s\open\src\hotspot\share\interpreter\linkResolver.cpp, line 759]
Event: 25.613 Thread 0x0000028049ce7830 Exception <a 'java/lang/IncompatibleClassChangeError'{0x0000000726079680}: Found class java.lang.Object, but interface was expected> (0x0000000726079680) 
thrown [s\open\src\hotspot\share\interpreter\linkResolver.cpp, line 826]
Event: 26.272 Thread 0x0000028049ce7830 Exception <a 'java/lang/NoSuchMethodError'{0x0000000725afa4f8}: 'java.lang.Object java.lang.invoke.DirectMethodHandle$Holder.newInvokeSpecial(java.lang.Object, java.lang.Object, int, java.lang.Object, java.lang.Object, java.lang.Object)'> (0x0000000725afa4f8) 
thrown [s\open\src\hotspot\share\interpreter\linkResolver.cpp, line 759]
Event: 26.272 Thread 0x0000028049ce7830 Exception <a 'java/lang/NoSuchMethodError'{0x0000000725b02260}: 'java.lang.Object java.lang.invoke.Invokers$Holder.linkToTargetMethod(java.lang.Object, int, java.lang.Object, java.lang.Object, java.lang.Object, java.lang.Object)'> (0x0000000725b02260) 
thrown [s\open\src\hotspot\share\interpreter\linkResolver.cpp, line 759]

VM Operations (20 events):
Event: 34.400 Executing VM operation: G1CollectForAllocation done
Event: 34.852 Executing VM operation: G1CollectForAllocation
Event: 34.893 Executing VM operation: G1CollectForAllocation done
Event: 35.075 Executing VM operation: G1CollectForAllocation
Event: 35.132 Executing VM operation: G1CollectForAllocation done
Event: 35.565 Executing VM operation: G1CollectForAllocation
Event: 35.574 Executing VM operation: G1CollectForAllocation done
Event: 35.990 Executing VM operation: G1CollectForAllocation
Event: 35.999 Executing VM operation: G1CollectForAllocation done
Event: 36.392 Executing VM operation: G1CollectForAllocation
Event: 36.398 Executing VM operation: G1CollectForAllocation done
Event: 36.605 Executing VM operation: G1CollectForAllocation
Event: 36.612 Executing VM operation: G1CollectForAllocation done
Event: 37.004 Executing VM operation: G1CollectForAllocation
Event: 37.009 Executing VM operation: G1CollectForAllocation done
Event: 37.451 Executing VM operation: G1CollectForAllocation
Event: 37.459 Executing VM operation: G1CollectForAllocation done
Event: 37.893 Executing VM operation: G1CollectForAllocation
Event: 37.901 Executing VM operation: G1CollectForAllocation done
Event: 38.114 Executing VM operation: G1Concurrent

Events (20 events):
Event: 25.339 loading class jdk/internal/reflect/UnsafeIntegerFieldAccessorImpl
Event: 25.340 loading class jdk/internal/reflect/UnsafeIntegerFieldAccessorImpl done
Event: 25.617 loading class java/util/function/LongSupplier
Event: 25.618 loading class java/util/function/LongSupplier done
Event: 28.245 Thread 0x000002804f92ba60 Thread exited: 0x000002804f92ba60
Event: 28.637 Thread 0x0000028002575da0 flushing nmethod 0x0000028072d16f10
Event: 28.638 Thread 0x0000028002575da0 flushing nmethod 0x0000028072f16110
Event: 28.638 Thread 0x0000028002575da0 flushing nmethod 0x0000028072f5bb90
Event: 28.638 Thread 0x0000028002575da0 flushing nmethod 0x0000028072f61610
Event: 28.642 Thread 0x0000028002575da0 flushing nmethod 0x0000028073bbfb90
Event: 28.642 Thread 0x0000028002575da0 flushing nmethod 0x0000028073c3bb10
Event: 28.643 Thread 0x0000028002575da0 flushing nmethod 0x0000028073d52d90
Event: 28.643 Thread 0x0000028002575da0 flushing nmethod 0x0000028073da5f10
Event: 29.155 Thread 0x000002804f92b510 Thread exited: 0x000002804f92b510
Event: 29.210 Thread 0x000002804f92c500 Thread exited: 0x000002804f92c500
Event: 29.829 Thread 0x000002804f8885c0 Thread exited: 0x000002804f8885c0
Event: 29.871 Thread 0x000002804f8875d0 Thread exited: 0x000002804f8875d0
Event: 32.983 Thread 0x0000028049ceb4f0 Thread added: 0x0000028049ceb4f0
Event: 35.970 Thread 0x000002800266d500 Thread exited: 0x000002800266d500
Event: 38.035 Thread 0x0000028049ceb4f0 Thread exited: 0x0000028049ceb4f0


Dynamic libraries:
0x00007ff6d8dc0000 - 0x00007ff6d8dd0000 	C:\Program Files\Java\jdk-17\bin\javaw.exe
0x00007ffa7a4f0000 - 0x00007ffa7a707000 	C:\Windows\SYSTEM32\ntdll.dll
0x00007ffa78df0000 - 0x00007ffa78eb4000 	C:\Windows\System32\KERNEL32.DLL
0x00007ffa77930000 - 0x00007ffa77cdd000 	C:\Windows\System32\KERNELBASE.dll
0x00007ffa77d10000 - 0x00007ffa77e21000 	C:\Windows\System32\ucrtbase.dll
0x00007ffa5f3e0000 - 0x00007ffa5f3fb000 	C:\Program Files\Java\jdk-17\bin\VCRUNTIME140.dll
0x00007ffa5f3c0000 - 0x00007ffa5f3d9000 	C:\Program Files\Java\jdk-17\bin\jli.dll
0x00007ffa79400000 - 0x00007ffa794b2000 	C:\Windows\System32\ADVAPI32.dll
0x00007ffa792a0000 - 0x00007ffa79347000 	C:\Windows\System32\msvcrt.dll
0x00007ffa79350000 - 0x00007ffa793f9000 	C:\Windows\System32\sechost.dll
0x00007ffa77ce0000 - 0x00007ffa77d08000 	C:\Windows\System32\bcrypt.dll
0x00007ffa78ec0000 - 0x00007ffa78fd4000 	C:\Windows\System32\RPCRT4.dll
0x00007ffa782b0000 - 0x00007ffa7845e000 	C:\Windows\System32\USER32.dll
0x00007ffa78200000 - 0x00007ffa78226000 	C:\Windows\System32\win32u.dll
0x00007ffa794c0000 - 0x00007ffa794e9000 	C:\Windows\System32\GDI32.dll
0x00007ffa78020000 - 0x00007ffa78139000 	C:\Windows\System32\gdi32full.dll
0x00007ffa5ca20000 - 0x00007ffa5ccb3000 	C:\Windows\WinSxS\amd64_microsoft.windows.common-controls_6595b64144ccf1df_6.0.22621.3672_none_2713b9d173822955\COMCTL32.dll
0x00007ffa77820000 - 0x00007ffa778ba000 	C:\Windows\System32\msvcp_win.dll
0x00007ffa6f560000 - 0x00007ffa6f56a000 	C:\Windows\SYSTEM32\VERSION.dll
0x00007ffa78c20000 - 0x00007ffa78c51000 	C:\Windows\System32\IMM32.DLL
0x00007ffa618e0000 - 0x00007ffa618ec000 	C:\Program Files\Java\jdk-17\bin\vcruntime140_1.dll
0x00007ffa367e0000 - 0x00007ffa3686e000 	C:\Program Files\Java\jdk-17\bin\msvcp140.dll
0x00007ff9a5fb0000 - 0x00007ff9a6b90000 	C:\Program Files\Java\jdk-17\bin\server\jvm.dll
0x00007ffa78bb0000 - 0x00007ffa78bb8000 	C:\Windows\System32\PSAPI.DLL
0x00007ffa6ee80000 - 0x00007ffa6eeb4000 	C:\Windows\SYSTEM32\WINMM.dll
0x00007ffa60c50000 - 0x00007ffa60c59000 	C:\Windows\SYSTEM32\WSOCK32.dll
0x00007ffa79ad0000 - 0x00007ffa79b41000 	C:\Windows\System32\WS2_32.dll
0x00007ffa76880000 - 0x00007ffa76898000 	C:\Windows\SYSTEM32\kernel.appcore.dll
0x00007ffa5fd80000 - 0x00007ffa5fd8a000 	C:\Program Files\Java\jdk-17\bin\jimage.dll
0x00007ffa74ff0000 - 0x00007ffa75222000 	C:\Windows\SYSTEM32\DBGHELP.DLL
0x00007ffa78520000 - 0x00007ffa788a8000 	C:\Windows\System32\combase.dll
0x00007ffa78cb0000 - 0x00007ffa78d87000 	C:\Windows\System32\OLEAUT32.dll
0x00007ffa51930000 - 0x00007ffa51962000 	C:\Windows\SYSTEM32\dbgcore.DLL
0x00007ffa77e30000 - 0x00007ffa77eab000 	C:\Windows\System32\bcryptPrimitives.dll
0x00007ffa5c5b0000 - 0x00007ffa5c5d5000 	C:\Program Files\Java\jdk-17\bin\java.dll
0x00007ffa2a300000 - 0x00007ffa2a3d7000 	C:\Program Files\Java\jdk-17\bin\jsvml.dll
0x00007ffa79b50000 - 0x00007ffa7a3af000 	C:\Windows\System32\SHELL32.dll
0x00007ffa75720000 - 0x00007ffa7601c000 	C:\Windows\SYSTEM32\windows.storage.dll
0x00007ffa755e0000 - 0x00007ffa7571f000 	C:\Windows\SYSTEM32\wintypes.dll
0x00007ffa7a3b0000 - 0x00007ffa7a4a4000 	C:\Windows\System32\SHCORE.dll
0x00007ffa78bc0000 - 0x00007ffa78c1e000 	C:\Windows\System32\shlwapi.dll
0x00007ffa77750000 - 0x00007ffa77771000 	C:\Windows\SYSTEM32\profapi.dll
0x00007ffa52b60000 - 0x00007ffa52b79000 	C:\Program Files\Java\jdk-17\bin\net.dll
0x00007ffa72ed0000 - 0x00007ffa73006000 	C:\Windows\SYSTEM32\WINHTTP.dll
0x00007ffa76d60000 - 0x00007ffa76dc9000 	C:\Windows\system32\mswsock.dll
0x00007ffa45570000 - 0x00007ffa45586000 	C:\Program Files\Java\jdk-17\bin\nio.dll
0x00007ffa45280000 - 0x00007ffa45298000 	C:\Program Files\Java\jdk-17\bin\zip.dll
0x00007ffa762a0000 - 0x00007ffa76398000 	C:\Windows\SYSTEM32\DNSAPI.dll
0x00007ffa76270000 - 0x00007ffa7629d000 	C:\Windows\SYSTEM32\IPHLPAPI.DLL
0x00007ffa78910000 - 0x00007ffa78919000 	C:\Windows\System32\NSI.dll
0x00007ffa6f570000 - 0x00007ffa6f57a000 	C:\Windows\System32\rasadhlp.dll
0x00007ffa70e80000 - 0x00007ffa70f03000 	C:\Windows\System32\fwpuclnt.dll
0x00007ffa5fd20000 - 0x00007ffa5fd2a000 	C:\Program Files\Java\jdk-17\bin\management.dll
0x00007ffa5f640000 - 0x00007ffa5f64b000 	C:\Program Files\Java\jdk-17\bin\management_ext.dll
0x00007ffa770b0000 - 0x00007ffa770cb000 	C:\Windows\SYSTEM32\CRYPTSP.dll
0x00007ffa767e0000 - 0x00007ffa76815000 	C:\Windows\system32\rsaenh.dll
0x00007ffa76e00000 - 0x00007ffa76e28000 	C:\Windows\SYSTEM32\USERENV.dll
0x00007ffa77090000 - 0x00007ffa7709c000 	C:\Windows\SYSTEM32\CRYPTBASE.dll
0x00007ffa72c90000 - 0x00007ffa72ca9000 	C:\Windows\SYSTEM32\dhcpcsvc6.DLL
0x00007ffa727e0000 - 0x00007ffa727ff000 	C:\Windows\SYSTEM32\dhcpcsvc.DLL
0x00007ffa2d2d0000 - 0x00007ffa2d2e7000 	C:\Windows\system32\napinsp.dll
0x00007ffa2d2b0000 - 0x00007ffa2d2cb000 	C:\Windows\system32\pnrpnsp.dll
0x00007ffa2d290000 - 0x00007ffa2d2a1000 	C:\Windows\System32\winrnr.dll
0x00007ffa6f300000 - 0x00007ffa6f315000 	C:\Windows\system32\wshbth.dll
0x00007ffa2d260000 - 0x00007ffa2d287000 	C:\Windows\system32\nlansp_c.dll
0x00007ffa5f340000 - 0x00007ffa5f34e000 	C:\Program Files\Java\jdk-17\bin\sunmscapi.dll
0x00007ffa77eb0000 - 0x00007ffa78017000 	C:\Windows\System32\CRYPT32.dll
0x00007ffa771b0000 - 0x00007ffa771de000 	C:\Windows\SYSTEM32\ncrypt.dll
0x00007ffa77170000 - 0x00007ffa771a7000 	C:\Windows\SYSTEM32\NTASN1.dll
0x00007ffa6cf40000 - 0x00007ffa6cf48000 	C:\Windows\system32\wshunix.dll

dbghelp: loaded successfully - version: 4.0.5 - missing functions: none
symbol engine: initialized successfully - sym options: 0x614 - pdb path: .;C:\Program Files\Java\jdk-17\bin;C:\Windows\SYSTEM32;C:\Windows\WinSxS\amd64_microsoft.windows.common-controls_6595b64144ccf1df_6.0.22621.3672_none_2713b9d173822955;C:\Program Files\Java\jdk-17\bin\server

VM Arguments:
jvm_args: -Dfile.encoding-UTF8 -Dspring.jmx.enabled=true -Dmanagement.endpoints.jmx.exposure.include=* -Dspring.application.admin.enabled=true -Dspring.output.ansi.enabled=always -XX:TieredStopAtLevel=1 -Dspring.boot.project.name=asm_gstn_return_db_store6_pre3 -Dfile.encoding=UTF-8 -Dstdout.encoding=UTF-8 -Dstderr.encoding=UTF-8 -XX:+ShowCodeDetailsInExceptionMessages 
java_command: com.deloitte.AsmEwayBillApplication
java_class_path (initial): D:\Project\workspace\workspace280126\asm_gstn_return_db_store6_pre3\target\classes;C:\Users\AIO16\.m2\repository\org\springframework\boot\spring-boot-starter-data-jpa\4.0.3\spring-boot-starter-data-jpa-4.0.3.jar;C:\Users\AIO16\.m2\repository\org\springframework\boot\spring-boot-starter\4.0.3\spring-boot-starter-4.0.3.jar;C:\Users\AIO16\.m2\repository\org\springframework\boot\spring-boot-starter-logging\4.0.3\spring-boot-starter-logging-4.0.3.jar;C:\Users\AIO16\.m2\repository\ch\qos\logback\logback-classic\1.5.32\logback-classic-1.5.32.jar;C:\Users\AIO16\.m2\repository\ch\qos\logback\logback-core\1.5.32\logback-core-1.5.32.jar;C:\Users\AIO16\.m2\repository\org\apache\logging\log4j\log4j-to-slf4j\2.25.3\log4j-to-slf4j-2.25.3.jar;C:\Users\AIO16\.m2\repository\org\slf4j\jul-to-slf4j\2.0.17\jul-to-slf4j-2.0.17.jar;C:\Users\AIO16\.m2\repository\org\springframework\boot\spring-boot-autoconfigure\4.0.3\spring-boot-autoconfigure-4.0.3.jar;C:\Users\AIO16\.m2\repository\jakarta\annotation\jakarta.annotation-api\3.0.0\jakarta.annotation-api-3.0.0.jar;C:\Users\AIO16\.m2\repository\org\yaml\snakeyaml\2.5\snakeyaml-2.5.jar;C:\Users\AIO16\.m2\repository\org\springframework\boot\spring-boot-starter-jdbc\4.0.3\spring-boot-starter-jdbc-4.0.3.jar;C:\Users\AIO16\.m2\repository\com\zaxxer\HikariCP\7.0.2\HikariCP-7.0.2.jar;C:\Users\AIO16\.m2\repository\org\springframework\boot\spring-boot-data-jpa\4.0.3\spring-boot-data-jpa-4.0.3.jar;C:\Users\AIO16\.m2\repository\org\springframework\boot\spring-boot-data-commons\4.0.3\spring-boot-data-commons-4.0.3.jar;C:\Users\AIO16\.m2\repository\org\springframework\boot\spring-boot-persistence\4.0.3\spring-boot-persistence-4.0.3.jar;C:\Users\AIO16\.m2\repository\org\springframework\data\spring-data-commons\4.0.3\spring-data-commons-4.0.3.jar;C:\Users\AIO16\.m2\repository\org\springframework\boot\spring-boot-hibernate\4.0.3\spring-boot-hibernate-4.0.3.jar;C:\Users\AIO16\.m2\repository\org\springframework\boot\spring-boot-jpa
Launcher Type: SUN_STANDARD

[Global flags]
     intx CICompilerCount                          = 12                                        {product} {ergonomic}
     uint ConcGCThreads                            = 4                                         {product} {ergonomic}
     uint G1ConcRefinementThreads                  = 15                                        {product} {ergonomic}
   size_t G1HeapRegionSize                         = 2097152                                   {product} {ergonomic}
    uintx GCDrainStackTargetSize                   = 64                                        {product} {ergonomic}
   size_t InitialHeapSize                          = 264241152                                 {product} {ergonomic}
   size_t MarkStackSize                            = 4194304                                   {product} {ergonomic}
   size_t MaxHeapSize                              = 4215275520                                {product} {ergonomic}
   size_t MaxNewSize                               = 2529165312                                {product} {ergonomic}
   size_t MinHeapDeltaBytes                        = 2097152                                   {product} {ergonomic}
   size_t MinHeapSize                              = 8388608                                   {product} {ergonomic}
    uintx NonProfiledCodeHeapSize                  = 0                                      {pd product} {ergonomic}
     bool ProfileInterpreter                       = false                                  {pd product} {command line}
    uintx ProfiledCodeHeapSize                     = 0                                      {pd product} {ergonomic}
     bool ShowCodeDetailsInExceptionMessages       = true                                   {manageable} {command line}
   size_t SoftMaxHeapSize                          = 4215275520                             {manageable} {ergonomic}
     intx TieredStopAtLevel                        = 1                                         {product} {command line}
     bool UseCompressedClassPointers               = true                           {product lp64_product} {ergonomic}
     bool UseCompressedOops                        = true                           {product lp64_product} {ergonomic}
     bool UseG1GC                                  = true                                      {product} {ergonomic}
     bool UseLargePagesIndividualAllocation        = false                                  {pd product} {ergonomic}

Logging:
Log output configuration:
 #0: stdout all=warning uptime,level,tags
 #1: stderr all=off uptime,level,tags

Environment Variables:
JAVA_HOME=C:\Program Files\Java\jdk1.8.0_202
JAVA_TOOL_OPTIONS=-Dfile.encoding-UTF8
PATH=D:/Project/sts-5.0.1.RELEASE//plugins/org.eclipse.justj.openjdk.hotspot.jre.full.win32.x86_64_25.0.1.v20251108-1451/jre/bin/server;D:/Project/sts-5.0.1.RELEASE//plugins/org.eclipse.justj.openjdk.hotspot.jre.full.win32.x86_64_25.0.1.v20251108-1451/jre/bin;C:\Program Files\Apache\Maven\apache-maven-3.9.14\bin;C:\Program Files\Java\jdk-17;C:\Program Files\Common Files\Oracle\Java\javapath;C:\Program Files (x86)\Common Files\Oracle\Java\java8path;C:\Program Files (x86)\Common Files\Oracle\Java\javapath;C:\Windows\system32;C:\Windows;C:\Windows\System32\Wbem;C:\Windows\System32\WindowsPowerShell\v1.0\;C:\Windows\System32\OpenSSH\;C:\Program Files\dotnet\;C:\Program Files\Git\cmd;C:\Program Files\nodejs\;C:\Users\AIO16\AppData\Local\Microsoft\WindowsApps;C:\Users\AIO16\AppData\Local\Programs\Microsoft VS Code\bin;C:\Users\AIO16\AppData\Local\GitHubDesktop\bin;C:\Users\AIO16\AppData\Roaming\npm;C:\Users\AIO16\AppData\Local\Programs\cursor\resources\app\bin;C:\Users\AIO16\AppData\Local\Programs\Antigravity IDE\bin;D:\Project\sts-5.0.1.RELEASE;
USERNAME=AIO16
OS=Windows_NT
PROCESSOR_IDENTIFIER=Intel64 Family 6 Model 191 Stepping 2, GenuineIntel



---------------  S Y S T E M  ---------------

OS:
 Windows 11 , 64 bit Build 22621 (10.0.22621.3672)
OS uptime: 2 days 16:20 hours
Hyper-V role detected

CPU: total 20 (initial active 20) (10 cores per cpu, 2 threads per core) family 6 model 191 stepping 2 microcode 0x3e, cx8, cmov, fxsr, ht, mmx, 3dnowpref, sse, sse2, sse3, ssse3, sse4.1, sse4.2, popcnt, lzcnt, tsc, tscinvbit, avx, avx2, aes, erms, clmul, bmi1, bmi2, adx, sha, fma, vzeroupper, clflush, clflushopt, clwb, hv

Memory: 4k page, system-wide physical 16072M (651M free)
TotalPageFile size 32456M (AvailPageFile size 186M)
current process WorkingSet (physical memory assigned to process): 1074M, peak: 1094M
current process commit charge ("private bytes"): 1307M, peak: 1823M

vm_info: Java HotSpot(TM) 64-Bit Server VM (17.0.12+8-LTS-286) for windows-amd64 JRE (17.0.12+8-LTS-286), built on Jun  5 2024 06:46:59 by "mach5one" with MS VC++ 17.6 (VS2022)

END.
