#
# There is insufficient memory for the Java Runtime Environment to continue.
# Native memory allocation (mmap) failed to map 350224384 bytes for G1 virtual space
# Possible reasons:
#   The system is out of physical RAM or swap space
#   The process is running with CompressedOops enabled, and the Java Heap may be blocking the growth of the native heap
# Possible solutions:
#   Reduce memory load on the system
#   Increase physical memory or swap space
#   Check if swap backing store is full
#   Decrease Java heap size (-Xmx/-Xms)
#   Decrease number of Java threads
#   Decrease Java thread stack sizes (-Xss)
#   Set larger code cache with -XX:ReservedCodeCacheSize=
#   JVM is running with Zero Based Compressed Oops mode in which the Java heap is
#     placed in the first 32GB address space. The Java Heap base address is the
#     maximum limit for the native heap growth. Please use -XX:HeapBaseMinAddress
#     to set the Java Heap base and to place the Java Heap above 32GB virtual address.
# This output file may be truncated or incomplete.
#
#  Out of Memory Error (os_windows.cpp:3548), pid=27300, tid=35364
#
# JRE version: Java(TM) SE Runtime Environment (17.0.12+8) (build 17.0.12+8-LTS-286)
# Java VM: Java HotSpot(TM) 64-Bit Server VM (17.0.12+8-LTS-286, mixed mode, emulated-client, sharing, tiered, compressed oops, compressed class ptrs, g1 gc, windows-amd64)
# No core dump will be written. Minidumps are not enabled by default on client versions of Windows
#

---------------  S U M M A R Y ------------

Command Line: -Dfile.encoding-UTF8 -Dspring.jmx.enabled=true -Dmanagement.endpoints.jmx.exposure.include=* -Dspring.application.admin.enabled=true -Dspring.output.ansi.enabled=always -XX:TieredStopAtLevel=1 -Dspring.boot.project.name=asm_gstn_return_db_store6_pre3 -Dfile.encoding=UTF-8 -Dstdout.encoding=UTF-8 -Dstderr.encoding=UTF-8 -XX:+ShowCodeDetailsInExceptionMessages com.deloitte.AsmEwayBillApplication

Host: 13th Gen Intel(R) Core(TM) i5-13500, 20 cores, 15G,  Windows 11 , 64 bit Build 22621 (10.0.22621.3672)
Time: Thu Aug 20 11:06:59 2026 India Standard Time elapsed time: 92.310994 seconds (0d 0h 1m 32s)

---------------  T H R E A D  ---------------

Current thread (0x000001fc72ce8210):  VMThread "VM Thread" [stack: 0x0000003422900000,0x0000003422a00000] [id=35364]

Stack: [0x0000003422900000,0x0000003422a00000]
Native frames: (J=compiled Java code, j=interpreted, Vv=VM code, C=native code)
V  [jvm.dll+0x67a04a]
V  [jvm.dll+0x7da4ed]
V  [jvm.dll+0x7dbe33]
V  [jvm.dll+0x7dc4a3]
V  [jvm.dll+0x24508f]
V  [jvm.dll+0x677089]
V  [jvm.dll+0x66bd32]
V  [jvm.dll+0x301fa6]
V  [jvm.dll+0x309546]
V  [jvm.dll+0x359d2e]
V  [jvm.dll+0x359f5f]
V  [jvm.dll+0x2d9078]
V  [jvm.dll+0x2dc0e6]
V  [jvm.dll+0x2e67eb]
V  [jvm.dll+0x31a870]
V  [jvm.dll+0x7e0d9b]
V  [jvm.dll+0x7e1ad4]
V  [jvm.dll+0x7e1fed]
V  [jvm.dll+0x7e23c4]
V  [jvm.dll+0x7e2490]
V  [jvm.dll+0x78abea]
V  [jvm.dll+0x678f35]
C  [ucrtbase.dll+0x29333]
C  [KERNEL32.DLL+0x1257d]
C  [ntdll.dll+0x5af28]

VM_Operation (0x00000034225ff830): G1Concurrent, mode: safepoint, requested by thread 0x000001fc5b404530


---------------  P R O C E S S  ---------------

Threads class SMR info:
_java_thread_list=0x000001fc73627910, length=34, elements={
0x000001fc72cebbc0, 0x000001fc72cf07a0, 0x000001fc72d00d40, 0x000001fc72d01900,
0x000001fc72d034d0, 0x000001fc72d063a0, 0x000001fc72d18a90, 0x000001fc72d19bc0,
0x000001fc72e81ae0, 0x000001fc72e8eec0, 0x000001fc783c3040, 0x000001fc78397f90,
0x000001fc7850f7d0, 0x000001fc78966df0, 0x000001fc789663d0, 0x000001fc78964570,
0x000001fc78964a80, 0x000001fc78964060, 0x000001fc78965ec0, 0x000001fc7e1cbc60,
0x000001fc7e1cc170, 0x000001fc7e1d0850, 0x000001fc7e1cc680, 0x000001fc7e1ca820,
0x000001fc7e1cfe30, 0x000001fc7e1c98f0, 0x000001fc7e1cd5b0, 0x000001fc7e1c9e00,
0x000001fc7e1ce4e0, 0x000001fc7e1cb750, 0x000001fc7e1cad30, 0x000001fc7e1cb240,
0x000001fc7e1cef00, 0x000001fc7e1cdfd0
}

Java Threads: ( => current thread )
  0x000001fc72cebbc0 JavaThread "Reference Handler" daemon [_thread_blocked, id=25444, stack(0x0000003422a00000,0x0000003422b00000)]
  0x000001fc72cf07a0 JavaThread "Finalizer" daemon [_thread_blocked, id=27864, stack(0x0000003422b00000,0x0000003422c00000)]
  0x000001fc72d00d40 JavaThread "Signal Dispatcher" daemon [_thread_blocked, id=30992, stack(0x0000003422c00000,0x0000003422d00000)]
  0x000001fc72d01900 JavaThread "Attach Listener" daemon [_thread_blocked, id=33888, stack(0x0000003422d00000,0x0000003422e00000)]
  0x000001fc72d034d0 JavaThread "Service Thread" daemon [_thread_blocked, id=27532, stack(0x0000003422e00000,0x0000003422f00000)]
  0x000001fc72d063a0 JavaThread "Monitor Deflation Thread" daemon [_thread_blocked, id=23268, stack(0x0000003422f00000,0x0000003423000000)]
  0x000001fc72d18a90 JavaThread "C1 CompilerThread0" daemon [_thread_blocked, id=18060, stack(0x0000003423000000,0x0000003423100000)]
  0x000001fc72d19bc0 JavaThread "Sweeper thread" daemon [_thread_blocked, id=8860, stack(0x0000003423100000,0x0000003423200000)]
  0x000001fc72e81ae0 JavaThread "Notification Thread" daemon [_thread_blocked, id=33372, stack(0x0000003423500000,0x0000003423600000)]
  0x000001fc72e8eec0 JavaThread "Common-Cleaner" daemon [_thread_blocked, id=31008, stack(0x0000003423700000,0x0000003423800000)]
  0x000001fc783c3040 JavaThread "RMI TCP Accept-0" daemon [_thread_in_native, id=34668, stack(0x0000003424500000,0x0000003424600000)]
  0x000001fc78397f90 JavaThread "RMI Scheduler(0)" daemon [_thread_blocked, id=24144, stack(0x0000003424700000,0x0000003424800000)]
  0x000001fc7850f7d0 JavaThread "JMX server connection timeout 29" daemon [_thread_blocked, id=1876, stack(0x0000003424800000,0x0000003424900000)]
  0x000001fc78966df0 JavaThread "Catalina-utility-1" [_thread_blocked, id=5988, stack(0x0000003424400000,0x0000003424500000)]
  0x000001fc789663d0 JavaThread "Catalina-utility-2" [_thread_blocked, id=19752, stack(0x0000003425400000,0x0000003425500000)]
  0x000001fc78964570 JavaThread "container-0" [_thread_blocked, id=34264, stack(0x0000003425500000,0x0000003425600000)]
  0x000001fc78964a80 JavaThread "Cleaner-0" daemon [_thread_blocked, id=25232, stack(0x0000003425800000,0x0000003425900000)]
  0x000001fc78964060 JavaThread "HikariPool-1:housekeeper" daemon [_thread_blocked, id=2104, stack(0x0000003425900000,0x0000003425a00000)]
  0x000001fc78965ec0 JavaThread "idle-connection-evictor-1" daemon [_thread_blocked, id=28628, stack(0x0000003426600000,0x0000003426700000)]
  0x000001fc7e1cbc60 JavaThread "http-nio-8063-exec-1" daemon [_thread_in_native, id=31136, stack(0x0000003424200000,0x0000003424300000)]
  0x000001fc7e1cc170 JavaThread "http-nio-8063-exec-2" daemon [_thread_blocked, id=29688, stack(0x0000003426700000,0x0000003426800000)]
  0x000001fc7e1d0850 JavaThread "http-nio-8063-exec-3" daemon [_thread_blocked, id=13652, stack(0x0000003426800000,0x0000003426900000)]
  0x000001fc7e1cc680 JavaThread "http-nio-8063-exec-4" daemon [_thread_blocked, id=32088, stack(0x0000003426900000,0x0000003426a00000)]
  0x000001fc7e1ca820 JavaThread "http-nio-8063-exec-5" daemon [_thread_blocked, id=28560, stack(0x0000003426a00000,0x0000003426b00000)]
  0x000001fc7e1cfe30 JavaThread "http-nio-8063-exec-6" daemon [_thread_blocked, id=31992, stack(0x0000003426b00000,0x0000003426c00000)]
  0x000001fc7e1c98f0 JavaThread "http-nio-8063-exec-7" daemon [_thread_blocked, id=35568, stack(0x0000003426c00000,0x0000003426d00000)]
  0x000001fc7e1cd5b0 JavaThread "http-nio-8063-exec-8" daemon [_thread_blocked, id=3504, stack(0x0000003426d00000,0x0000003426e00000)]
  0x000001fc7e1c9e00 JavaThread "http-nio-8063-exec-9" daemon [_thread_blocked, id=11620, stack(0x0000003426e00000,0x0000003426f00000)]
  0x000001fc7e1ce4e0 JavaThread "http-nio-8063-exec-10" daemon [_thread_blocked, id=32368, stack(0x0000003426f00000,0x0000003427000000)]
  0x000001fc7e1cb750 JavaThread "http-nio-8063-Poller" daemon [_thread_in_native, id=6628, stack(0x0000003427000000,0x0000003427100000)]
  0x000001fc7e1cad30 JavaThread "http-nio-8063-Acceptor" daemon [_thread_in_native, id=34332, stack(0x0000003427100000,0x0000003427200000)]
  0x000001fc7e1cb240 JavaThread "scheduling-1" [_thread_blocked, id=32944, stack(0x0000003427200000,0x0000003427300000)]
  0x000001fc7e1cef00 JavaThread "DestroyJavaVM" [_thread_blocked, id=11764, stack(0x0000003422300000,0x0000003422400000)]
  0x000001fc7e1cdfd0 JavaThread "RMI TCP Connection(idle)" daemon [_thread_blocked, id=9256, stack(0x0000003427800000,0x0000003427900000)]

Other Threads:
=>0x000001fc72ce8210 VMThread "VM Thread" [stack: 0x0000003422900000,0x0000003422a00000] [id=35364]
  0x000001fc728cbbe0 WatcherThread [stack: 0x0000003423600000,0x0000003423700000] [id=29608]
  0x000001fc5b3f3460 GCTaskThread "GC Thread#0" [stack: 0x0000003422400000,0x0000003422500000] [id=32580]
  0x000001fc7388ea50 GCTaskThread "GC Thread#1" [stack: 0x0000003423800000,0x0000003423900000] [id=30968]
  0x000001fc7388ed10 GCTaskThread "GC Thread#2" [stack: 0x0000003423900000,0x0000003423a00000] [id=8744]
  0x000001fc73934070 GCTaskThread "GC Thread#3" [stack: 0x0000003423a00000,0x0000003423b00000] [id=34428]
  0x000001fc73934330 GCTaskThread "GC Thread#4" [stack: 0x0000003423b00000,0x0000003423c00000] [id=19532]
  0x000001fc739345f0 GCTaskThread "GC Thread#5" [stack: 0x0000003423c00000,0x0000003423d00000] [id=33424]
  0x000001fc78127710 GCTaskThread "GC Thread#6" [stack: 0x0000003423d00000,0x0000003423e00000] [id=30048]
  0x000001fc78444890 GCTaskThread "GC Thread#7" [stack: 0x0000003424900000,0x0000003424a00000] [id=34572]
  0x000001fc783f2430 GCTaskThread "GC Thread#8" [stack: 0x0000003424a00000,0x0000003424b00000] [id=25340]
  0x000001fc783d54a0 GCTaskThread "GC Thread#9" [stack: 0x0000003424b00000,0x0000003424c00000] [id=14784]
  0x000001fc783f8150 GCTaskThread "GC Thread#10" [stack: 0x0000003424c00000,0x0000003424d00000] [id=9644]
  0x000001fc785b1810 GCTaskThread "GC Thread#11" [stack: 0x0000003424d00000,0x0000003424e00000] [id=25528]
  0x000001fc78313990 GCTaskThread "GC Thread#12" [stack: 0x0000003424e00000,0x0000003424f00000] [id=15516]
  0x000001fc785f80b0 GCTaskThread "GC Thread#13" [stack: 0x0000003424f00000,0x0000003425000000] [id=29604]
  0x000001fc78305e70 GCTaskThread "GC Thread#14" [stack: 0x0000003425000000,0x0000003425100000] [id=33052]
  0x000001fc5b404530 ConcurrentGCThread "G1 Main Marker" [stack: 0x0000003422500000,0x0000003422600000] [id=34364]
  0x000001fc5b404de0 ConcurrentGCThread "G1 Conc#0" [stack: 0x0000003422600000,0x0000003422700000] [id=25120]
  0x000001fc78653c10 ConcurrentGCThread "G1 Conc#1" [stack: 0x0000003425100000,0x0000003425200000] [id=29148]
  0x000001fc78642880 ConcurrentGCThread "G1 Conc#2" [stack: 0x0000003425200000,0x0000003425300000] [id=30808]
  0x000001fc78641280 ConcurrentGCThread "G1 Conc#3" [stack: 0x0000003425300000,0x0000003425400000] [id=26592]
  0x000001fc7297ff40 ConcurrentGCThread "G1 Refine#0" [stack: 0x0000003422700000,0x0000003422800000] [id=19664]
  0x000001fc78131d30 ConcurrentGCThread "G1 Refine#1" [stack: 0x0000003425600000,0x0000003425700000] [id=208]
  0x000001fc794823a0 ConcurrentGCThread "G1 Refine#2" [stack: 0x0000003425d00000,0x0000003425e00000] [id=21996]
  0x000001fc79480060 ConcurrentGCThread "G1 Refine#3" [stack: 0x0000003425e00000,0x0000003425f00000] [id=24572]
  0x000001fc79482f60 ConcurrentGCThread "G1 Refine#4" [stack: 0x0000003425f00000,0x0000003426000000] [id=27988]
  0x000001fc79480c20 ConcurrentGCThread "G1 Refine#5" [stack: 0x0000003426000000,0x0000003426100000] [id=33812]
  0x000001fc79483540 ConcurrentGCThread "G1 Refine#6" [stack: 0x0000003426100000,0x0000003426200000] [id=14688]
  0x000001fc79480350 ConcurrentGCThread "G1 Refine#7" [stack: 0x0000003426200000,0x0000003426300000] [id=28760]
  0x000001fc79482980 ConcurrentGCThread "G1 Refine#8" [stack: 0x0000003424300000,0x0000003424400000] [id=23276]
  0x000001fc7ec0de20 ConcurrentGCThread "G1 Refine#9" [stack: 0x0000003425a00000,0x0000003425b00000] [id=35052]
  0x000001fc7ec10a30 ConcurrentGCThread "G1 Refine#10" [stack: 0x0000003425b00000,0x0000003425c00000] [id=408]
  0x000001fc7ec0e110 ConcurrentGCThread "G1 Refine#11" [stack: 0x0000003425c00000,0x0000003425d00000] [id=29888]
  0x000001fc7ec0d550 ConcurrentGCThread "G1 Refine#12" [stack: 0x0000003426300000,0x0000003426400000] [id=35528]
  0x000001fc7ec0ecd0 ConcurrentGCThread "G1 Refine#13" [stack: 0x0000003426400000,0x0000003426500000] [id=29240]
  0x000001fc7ec0efc0 ConcurrentGCThread "G1 Refine#14" [stack: 0x0000003426500000,0x0000003426600000] [id=18816]
  0x000001fc72981820 ConcurrentGCThread "G1 Service" [stack: 0x0000003422800000,0x0000003422900000] [id=15908]

Threads with active compile tasks:

VM state: at safepoint (normal execution)

VM Mutex/Monitor currently owned by a thread:  ([mutex/lock_event])
[0x000001fc5b381b80] Threads_lock - owner thread: 0x000001fc72ce8210
[0x000001fc5b381940] Heap_lock - owner thread: 0x000001fc5b404530

Heap address: 0x0000000704c00000, size: 4020 MB, Compressed Oops mode: Zero based, Oop shift amount: 3

CDS archive(s) mapped at: [0x000001fc00000000-0x000001fc00bd0000-0x000001fc00bd0000), size 12386304, SharedBaseAddress: 0x000001fc00000000, ArchiveRelocationMode: 1.
Compressed class space mapped at: 0x000001fc01000000-0x000001fc41000000, reserved size: 1073741824
Narrow klass base: 0x000001fc00000000, Narrow klass shift: 0, Narrow klass range: 0x100000000

GC Precious Log:
 CPUs: 20 total, 20 available
 Memory: 16072M
 Large Page Support: Disabled
 NUMA Support: Disabled
 Compressed Oops: Enabled (Zero based)
 Heap Region Size: 2M
 Heap Min Capacity: 8M
 Heap Initial Capacity: 252M
 Heap Max Capacity: 4020M
 Pre-touch: Disabled
 Parallel Workers: 15
 Concurrent Workers: 4
 Concurrent Refinement Workers: 15
 Periodic GC: Disabled

Heap:
 garbage-first heap   total 886784K, used 733165K [0x0000000704c00000, 0x0000000800000000)
  region size 2048K, 12 young (24576K), 3 survivors (6144K)
 Metaspace       used 128337K, committed 129280K, reserved 1179648K
  class space    used 17102K, committed 17536K, reserved 1048576K

Heap Regions: E=young(eden), S=young(survivor), O=old, HS=humongous(starts), HC=humongous(continues), CS=collection set, F=free, OA=open archive, CA=closed archive, TAMS=top-at-mark-start (previous, next)
|   0|0x0000000704c00000, 0x0000000704e00000, 0x0000000704e00000|100%| O|  |TAMS 0x0000000704e00000, 0x0000000704c00000| Untracked 
|   1|0x0000000704e00000, 0x0000000705000000, 0x0000000705000000|100%| O|  |TAMS 0x0000000705000000, 0x0000000704e00000| Untracked 
|   2|0x0000000705000000, 0x0000000705200000, 0x0000000705200000|100%| O|  |TAMS 0x0000000705200000, 0x0000000705000000| Untracked 
|   3|0x0000000705200000, 0x0000000705400000, 0x0000000705400000|100%| O|  |TAMS 0x0000000705400000, 0x0000000705200000| Untracked 
|   4|0x0000000705400000, 0x0000000705600000, 0x0000000705600000|100%| O|  |TAMS 0x0000000705600000, 0x0000000705400000| Updating 
|   5|0x0000000705600000, 0x0000000705800000, 0x0000000705800000|100%| O|  |TAMS 0x0000000705800000, 0x0000000705600000| Updating 
|   6|0x0000000705800000, 0x0000000705a00000, 0x0000000705a00000|100%| O|  |TAMS 0x0000000705a00000, 0x0000000705800000| Updating 
|   7|0x0000000705a00000, 0x0000000705c00000, 0x0000000705c00000|100%| O|  |TAMS 0x0000000705c00000, 0x0000000705a00000| Updating 
|   8|0x0000000705c00000, 0x0000000705e00000, 0x0000000705e00000|100%| O|  |TAMS 0x0000000705e00000, 0x0000000705c00000| Updating 
|   9|0x0000000705e00000, 0x0000000706000000, 0x0000000706000000|100%| O|  |TAMS 0x0000000706000000, 0x0000000705e00000| Updating 
|  10|0x0000000706000000, 0x0000000706200000, 0x0000000706200000|100%| O|  |TAMS 0x0000000706200000, 0x0000000706000000| Updating 
|  11|0x0000000706200000, 0x0000000706400000, 0x0000000706400000|100%| O|  |TAMS 0x0000000706400000, 0x0000000706200000| Updating 
|  12|0x0000000706400000, 0x0000000706600000, 0x0000000706600000|100%| O|  |TAMS 0x0000000706600000, 0x0000000706400000| Updating 
|  13|0x0000000706600000, 0x0000000706800000, 0x0000000706800000|100%| O|  |TAMS 0x0000000706800000, 0x0000000706600000| Updating 
|  14|0x0000000706800000, 0x0000000706a00000, 0x0000000706a00000|100%| O|  |TAMS 0x0000000706a00000, 0x0000000706800000| Updating 
|  15|0x0000000706a00000, 0x0000000706c00000, 0x0000000706c00000|100%| O|  |TAMS 0x0000000706c00000, 0x0000000706a00000| Updating 
|  16|0x0000000706c00000, 0x0000000706e00000, 0x0000000706e00000|100%| O|  |TAMS 0x0000000706e00000, 0x0000000706c00000| Updating 
|  17|0x0000000706e00000, 0x0000000707000000, 0x0000000707000000|100%| O|  |TAMS 0x0000000707000000, 0x0000000706e00000| Updating 
|  18|0x0000000707000000, 0x0000000707162800, 0x0000000707200000| 69%| O|  |TAMS 0x0000000707162800, 0x0000000707000000| Updating 
|  19|0x0000000707200000, 0x0000000707400000, 0x0000000707400000|100%| O|  |TAMS 0x0000000707400000, 0x0000000707200000| Updating 
|  20|0x0000000707400000, 0x0000000707600000, 0x0000000707600000|100%| O|  |TAMS 0x0000000707600000, 0x0000000707400000| Updating 
|  21|0x0000000707600000, 0x0000000707800000, 0x0000000707800000|100%| O|  |TAMS 0x0000000707800000, 0x0000000707600000| Untracked 
|  22|0x0000000707800000, 0x0000000707a00000, 0x0000000707a00000|100%| O|  |TAMS 0x0000000707a00000, 0x0000000707800000| Untracked 
|  23|0x0000000707a00000, 0x0000000707c00000, 0x0000000707c00000|100%| O|  |TAMS 0x0000000707c00000, 0x0000000707a00000| Untracked 
|  24|0x0000000707c00000, 0x0000000707e00000, 0x0000000707e00000|100%| O|  |TAMS 0x0000000707e00000, 0x0000000707c00000| Updating 
|  25|0x0000000707e00000, 0x0000000708000000, 0x0000000708000000|100%| O|  |TAMS 0x0000000708000000, 0x0000000707e00000| Updating 
|  26|0x0000000708000000, 0x0000000708200000, 0x0000000708200000|100%| O|  |TAMS 0x0000000708200000, 0x0000000708000000| Updating 
|  27|0x0000000708200000, 0x0000000708400000, 0x0000000708400000|100%| O|  |TAMS 0x0000000708400000, 0x0000000708200000| Untracked 
|  28|0x0000000708400000, 0x0000000708600000, 0x0000000708600000|100%| O|  |TAMS 0x0000000708600000, 0x0000000708400000| Untracked 
|  29|0x0000000708600000, 0x0000000708800000, 0x0000000708800000|100%| O|  |TAMS 0x0000000708800000, 0x0000000708600000| Untracked 
|  30|0x0000000708800000, 0x0000000708a00000, 0x0000000708a00000|100%| O|  |TAMS 0x0000000708a00000, 0x0000000708800000| Untracked 
|  31|0x0000000708a00000, 0x0000000708c00000, 0x0000000708c00000|100%| O|  |TAMS 0x0000000708c00000, 0x0000000708a00000| Untracked 
|  32|0x0000000708c00000, 0x0000000708e00000, 0x0000000708e00000|100%| O|  |TAMS 0x0000000708e00000, 0x0000000708c00000| Untracked 
|  33|0x0000000708e00000, 0x0000000709000000, 0x0000000709000000|100%| O|  |TAMS 0x0000000709000000, 0x0000000708e00000| Untracked 
|  34|0x0000000709000000, 0x0000000709200000, 0x0000000709200000|100%| O|  |TAMS 0x0000000709200000, 0x0000000709000000| Untracked 
|  35|0x0000000709200000, 0x0000000709400000, 0x0000000709400000|100%| O|  |TAMS 0x0000000709400000, 0x0000000709200000| Updating 
|  36|0x0000000709400000, 0x0000000709600000, 0x0000000709600000|100%| O|  |TAMS 0x0000000709600000, 0x0000000709400000| Untracked 
|  37|0x0000000709600000, 0x0000000709800000, 0x0000000709800000|100%| O|  |TAMS 0x0000000709800000, 0x0000000709600000| Untracked 
|  38|0x0000000709800000, 0x0000000709a00000, 0x0000000709a00000|100%| O|  |TAMS 0x0000000709a00000, 0x0000000709800000| Untracked 
|  39|0x0000000709a00000, 0x0000000709c00000, 0x0000000709c00000|100%| O|  |TAMS 0x0000000709c00000, 0x0000000709a00000| Untracked 
|  40|0x0000000709c00000, 0x0000000709e00000, 0x0000000709e00000|100%| O|  |TAMS 0x0000000709e00000, 0x0000000709c00000| Untracked 
|  41|0x0000000709e00000, 0x000000070a000000, 0x000000070a000000|100%| O|  |TAMS 0x000000070a000000, 0x0000000709e00000| Updating 
|  42|0x000000070a000000, 0x000000070a200000, 0x000000070a200000|100%| O|  |TAMS 0x000000070a200000, 0x000000070a000000| Updating 
|  43|0x000000070a200000, 0x000000070a400000, 0x000000070a400000|100%| O|  |TAMS 0x000000070a400000, 0x000000070a200000| Untracked 
|  44|0x000000070a400000, 0x000000070a600000, 0x000000070a600000|100%| O|  |TAMS 0x000000070a600000, 0x000000070a400000| Untracked 
|  45|0x000000070a600000, 0x000000070a800000, 0x000000070a800000|100%| O|  |TAMS 0x000000070a800000, 0x000000070a600000| Untracked 
|  46|0x000000070a800000, 0x000000070aa00000, 0x000000070aa00000|100%| O|  |TAMS 0x000000070aa00000, 0x000000070a800000| Updating 
|  47|0x000000070aa00000, 0x000000070ac00000, 0x000000070ac00000|100%| O|  |TAMS 0x000000070ac00000, 0x000000070aa00000| Untracked 
|  48|0x000000070ac00000, 0x000000070ae00000, 0x000000070ae00000|100%| O|  |TAMS 0x000000070ae00000, 0x000000070ac00000| Untracked 
|  49|0x000000070ae00000, 0x000000070b000000, 0x000000070b000000|100%| O|  |TAMS 0x000000070b000000, 0x000000070ae00000| Untracked 
|  50|0x000000070b000000, 0x000000070b200000, 0x000000070b200000|100%| O|  |TAMS 0x000000070b200000, 0x000000070b000000| Untracked 
|  51|0x000000070b200000, 0x000000070b400000, 0x000000070b400000|100%| O|  |TAMS 0x000000070b400000, 0x000000070b200000| Updating 
|  52|0x000000070b400000, 0x000000070b600000, 0x000000070b600000|100%| O|  |TAMS 0x000000070b600000, 0x000000070b400000| Untracked 
|  53|0x000000070b600000, 0x000000070b800000, 0x000000070b800000|100%| O|  |TAMS 0x000000070b800000, 0x000000070b600000| Updating 
|  54|0x000000070b800000, 0x000000070ba00000, 0x000000070ba00000|100%| O|  |TAMS 0x000000070ba00000, 0x000000070b800000| Untracked 
|  55|0x000000070ba00000, 0x000000070bc00000, 0x000000070bc00000|100%| O|  |TAMS 0x000000070bc00000, 0x000000070ba00000| Updating 
|  56|0x000000070bc00000, 0x000000070be00000, 0x000000070be00000|100%| O|  |TAMS 0x000000070be00000, 0x000000070bc00000| Untracked 
|  57|0x000000070be00000, 0x000000070c000000, 0x000000070c000000|100%| O|  |TAMS 0x000000070c000000, 0x000000070be00000| Untracked 
|  58|0x000000070c000000, 0x000000070c200000, 0x000000070c200000|100%| O|  |TAMS 0x000000070c200000, 0x000000070c000000| Untracked 
|  59|0x000000070c200000, 0x000000070c400000, 0x000000070c400000|100%| O|  |TAMS 0x000000070c400000, 0x000000070c200000| Untracked 
|  60|0x000000070c400000, 0x000000070c600000, 0x000000070c600000|100%| O|  |TAMS 0x000000070c600000, 0x000000070c400000| Updating 
|  61|0x000000070c600000, 0x000000070c800000, 0x000000070c800000|100%| O|  |TAMS 0x000000070c800000, 0x000000070c600000| Updating 
|  62|0x000000070c800000, 0x000000070ca00000, 0x000000070ca00000|100%| O|  |TAMS 0x000000070ca00000, 0x000000070c800000| Untracked 
|  63|0x000000070ca00000, 0x000000070cc00000, 0x000000070cc00000|100%| O|  |TAMS 0x000000070cc00000, 0x000000070ca00000| Updating 
|  64|0x000000070cc00000, 0x000000070ce00000, 0x000000070ce00000|100%| O|  |TAMS 0x000000070ce00000, 0x000000070cc00000| Untracked 
|  65|0x000000070ce00000, 0x000000070d000000, 0x000000070d000000|100%| O|  |TAMS 0x000000070d000000, 0x000000070ce00000| Untracked 
|  66|0x000000070d000000, 0x000000070d200000, 0x000000070d200000|100%| O|  |TAMS 0x000000070d200000, 0x000000070d000000| Untracked 
|  67|0x000000070d200000, 0x000000070d400000, 0x000000070d400000|100%| O|  |TAMS 0x000000070d400000, 0x000000070d200000| Untracked 
|  68|0x000000070d400000, 0x000000070d600000, 0x000000070d600000|100%| O|  |TAMS 0x000000070d600000, 0x000000070d400000| Untracked 
|  69|0x000000070d600000, 0x000000070d800000, 0x000000070d800000|100%| O|  |TAMS 0x000000070d800000, 0x000000070d600000| Untracked 
|  70|0x000000070d800000, 0x000000070da00000, 0x000000070da00000|100%| O|  |TAMS 0x000000070da00000, 0x000000070d800000| Untracked 
|  71|0x000000070da00000, 0x000000070dc00000, 0x000000070dc00000|100%| O|  |TAMS 0x000000070dc00000, 0x000000070da00000| Untracked 
|  72|0x000000070dc00000, 0x000000070de00000, 0x000000070de00000|100%| O|  |TAMS 0x000000070de00000, 0x000000070dc00000| Untracked 
|  73|0x000000070de00000, 0x000000070e000000, 0x000000070e000000|100%| O|  |TAMS 0x000000070e000000, 0x000000070de00000| Untracked 
|  74|0x000000070e000000, 0x000000070e200000, 0x000000070e200000|100%| O|  |TAMS 0x000000070e200000, 0x000000070e000000| Untracked 
|  75|0x000000070e200000, 0x000000070e400000, 0x000000070e400000|100%| O|  |TAMS 0x000000070e400000, 0x000000070e200000| Untracked 
|  76|0x000000070e400000, 0x000000070e600000, 0x000000070e600000|100%| O|  |TAMS 0x000000070e600000, 0x000000070e400000| Untracked 
|  77|0x000000070e600000, 0x000000070e800000, 0x000000070e800000|100%| O|  |TAMS 0x000000070e800000, 0x000000070e600000| Untracked 
|  78|0x000000070e800000, 0x000000070ea00000, 0x000000070ea00000|100%| O|  |TAMS 0x000000070ea00000, 0x000000070e800000| Untracked 
|  79|0x000000070ea00000, 0x000000070ec00000, 0x000000070ec00000|100%| O|  |TAMS 0x000000070ec00000, 0x000000070ea00000| Untracked 
|  80|0x000000070ec00000, 0x000000070ee00000, 0x000000070ee00000|100%| O|  |TAMS 0x000000070ee00000, 0x000000070ec00000| Untracked 
|  81|0x000000070ee00000, 0x000000070f000000, 0x000000070f000000|100%| O|  |TAMS 0x000000070f000000, 0x000000070ee00000| Untracked 
|  82|0x000000070f000000, 0x000000070f200000, 0x000000070f200000|100%| O|  |TAMS 0x000000070f200000, 0x000000070f000000| Untracked 
|  83|0x000000070f200000, 0x000000070f400000, 0x000000070f400000|100%| O|  |TAMS 0x000000070f400000, 0x000000070f200000| Untracked 
|  84|0x000000070f400000, 0x000000070f600000, 0x000000070f600000|100%| O|  |TAMS 0x000000070f600000, 0x000000070f400000| Untracked 
|  85|0x000000070f600000, 0x000000070f800000, 0x000000070f800000|100%| O|  |TAMS 0x000000070f800000, 0x000000070f600000| Untracked 
|  86|0x000000070f800000, 0x000000070fa00000, 0x000000070fa00000|100%| O|  |TAMS 0x000000070fa00000, 0x000000070f800000| Untracked 
|  87|0x000000070fa00000, 0x000000070fc00000, 0x000000070fc00000|100%| O|  |TAMS 0x000000070fc00000, 0x000000070fa00000| Untracked 
|  88|0x000000070fc00000, 0x000000070fe00000, 0x000000070fe00000|100%| O|  |TAMS 0x000000070fe00000, 0x000000070fc00000| Untracked 
|  89|0x000000070fe00000, 0x0000000710000000, 0x0000000710000000|100%| O|  |TAMS 0x0000000710000000, 0x000000070fe00000| Untracked 
|  90|0x0000000710000000, 0x0000000710200000, 0x0000000710200000|100%| O|  |TAMS 0x0000000710200000, 0x0000000710000000| Untracked 
|  91|0x0000000710200000, 0x0000000710400000, 0x0000000710400000|100%| O|  |TAMS 0x0000000710400000, 0x0000000710200000| Untracked 
|  92|0x0000000710400000, 0x0000000710600000, 0x0000000710600000|100%| O|  |TAMS 0x0000000710600000, 0x0000000710400000| Untracked 
|  93|0x0000000710600000, 0x0000000710800000, 0x0000000710800000|100%| O|  |TAMS 0x0000000710800000, 0x0000000710600000| Untracked 
|  94|0x0000000710800000, 0x0000000710a00000, 0x0000000710a00000|100%| O|  |TAMS 0x0000000710a00000, 0x0000000710800000| Untracked 
|  95|0x0000000710a00000, 0x0000000710c00000, 0x0000000710c00000|100%| O|  |TAMS 0x0000000710c00000, 0x0000000710a00000| Untracked 
|  96|0x0000000710c00000, 0x0000000710e00000, 0x0000000710e00000|100%| O|  |TAMS 0x0000000710e00000, 0x0000000710c00000| Untracked 
|  97|0x0000000710e00000, 0x0000000711000000, 0x0000000711000000|100%| O|  |TAMS 0x0000000711000000, 0x0000000710e00000| Untracked 
|  98|0x0000000711000000, 0x0000000711200000, 0x0000000711200000|100%| O|  |TAMS 0x0000000711200000, 0x0000000711000000| Untracked 
|  99|0x0000000711200000, 0x0000000711400000, 0x0000000711400000|100%| O|  |TAMS 0x0000000711400000, 0x0000000711200000| Untracked 
| 100|0x0000000711400000, 0x0000000711600000, 0x0000000711600000|100%| O|  |TAMS 0x0000000711600000, 0x0000000711400000| Untracked 
| 101|0x0000000711600000, 0x0000000711800000, 0x0000000711800000|100%| O|  |TAMS 0x0000000711800000, 0x0000000711600000| Untracked 
| 102|0x0000000711800000, 0x0000000711a00000, 0x0000000711a00000|100%| O|  |TAMS 0x0000000711a00000, 0x0000000711800000| Untracked 
| 103|0x0000000711a00000, 0x0000000711c00000, 0x0000000711c00000|100%| O|  |TAMS 0x0000000711c00000, 0x0000000711a00000| Untracked 
| 104|0x0000000711c00000, 0x0000000711e00000, 0x0000000711e00000|100%| O|  |TAMS 0x0000000711e00000, 0x0000000711c00000| Untracked 
| 105|0x0000000711e00000, 0x0000000712000000, 0x0000000712000000|100%| O|  |TAMS 0x0000000712000000, 0x0000000711e00000| Untracked 
| 106|0x0000000712000000, 0x0000000712200000, 0x0000000712200000|100%| O|  |TAMS 0x0000000712200000, 0x0000000712000000| Untracked 
| 107|0x0000000712200000, 0x0000000712400000, 0x0000000712400000|100%| O|  |TAMS 0x0000000712400000, 0x0000000712200000| Updating 
| 108|0x0000000712400000, 0x0000000712600000, 0x0000000712600000|100%| O|  |TAMS 0x0000000712600000, 0x0000000712400000| Untracked 
| 109|0x0000000712600000, 0x0000000712800000, 0x0000000712800000|100%| O|  |TAMS 0x0000000712800000, 0x0000000712600000| Updating 
| 110|0x0000000712800000, 0x0000000712a00000, 0x0000000712a00000|100%| O|  |TAMS 0x0000000712a00000, 0x0000000712800000| Updating 
| 111|0x0000000712a00000, 0x0000000712c00000, 0x0000000712c00000|100%| O|  |TAMS 0x0000000712c00000, 0x0000000712a00000| Updating 
| 112|0x0000000712c00000, 0x0000000712e00000, 0x0000000712e00000|100%| O|  |TAMS 0x0000000712e00000, 0x0000000712c00000| Untracked 
| 113|0x0000000712e00000, 0x0000000713000000, 0x0000000713000000|100%| O|  |TAMS 0x0000000713000000, 0x0000000712e00000| Updating 
| 114|0x0000000713000000, 0x0000000713200000, 0x0000000713200000|100%| O|  |TAMS 0x0000000713200000, 0x0000000713000000| Updating 
| 115|0x0000000713200000, 0x0000000713400000, 0x0000000713400000|100%| O|  |TAMS 0x0000000713400000, 0x0000000713200000| Untracked 
| 116|0x0000000713400000, 0x0000000713600000, 0x0000000713600000|100%| O|  |TAMS 0x0000000713600000, 0x0000000713400000| Updating 
| 117|0x0000000713600000, 0x0000000713800000, 0x0000000713800000|100%| O|  |TAMS 0x0000000713800000, 0x0000000713600000| Updating 
| 118|0x0000000713800000, 0x0000000713a00000, 0x0000000713a00000|100%| O|  |TAMS 0x0000000713a00000, 0x0000000713800000| Updating 
| 119|0x0000000713a00000, 0x0000000713c00000, 0x0000000713c00000|100%| O|  |TAMS 0x0000000713c00000, 0x0000000713a00000| Updating 
| 120|0x0000000713c00000, 0x0000000713e00000, 0x0000000713e00000|100%| O|  |TAMS 0x0000000713e00000, 0x0000000713c00000| Untracked 
| 121|0x0000000713e00000, 0x0000000714000000, 0x0000000714000000|100%| O|  |TAMS 0x0000000714000000, 0x0000000713e00000| Updating 
| 122|0x0000000714000000, 0x0000000714200000, 0x0000000714200000|100%| O|  |TAMS 0x0000000714200000, 0x0000000714000000| Updating 
| 123|0x0000000714200000, 0x0000000714400000, 0x0000000714400000|100%| O|  |TAMS 0x0000000714400000, 0x0000000714200000| Updating 
| 124|0x0000000714400000, 0x0000000714600000, 0x0000000714600000|100%| O|  |TAMS 0x0000000714600000, 0x0000000714400000| Updating 
| 125|0x0000000714600000, 0x0000000714800000, 0x0000000714800000|100%| O|  |TAMS 0x0000000714800000, 0x0000000714600000| Updating 
| 126|0x0000000714800000, 0x0000000714a00000, 0x0000000714a00000|100%| O|  |TAMS 0x0000000714a00000, 0x0000000714800000| Updating 
| 127|0x0000000714a00000, 0x0000000714c00000, 0x0000000714c00000|100%| O|  |TAMS 0x0000000714c00000, 0x0000000714a00000| Updating 
| 128|0x0000000714c00000, 0x0000000714e00000, 0x0000000714e00000|100%| O|  |TAMS 0x0000000714e00000, 0x0000000714c00000| Updating 
| 129|0x0000000714e00000, 0x0000000715000000, 0x0000000715000000|100%| O|  |TAMS 0x0000000715000000, 0x0000000714e00000| Updating 
| 130|0x0000000715000000, 0x0000000715200000, 0x0000000715200000|100%| O|  |TAMS 0x0000000715200000, 0x0000000715000000| Updating 
| 131|0x0000000715200000, 0x0000000715400000, 0x0000000715400000|100%| O|  |TAMS 0x0000000715400000, 0x0000000715200000| Updating 
| 132|0x0000000715400000, 0x0000000715600000, 0x0000000715600000|100%| O|  |TAMS 0x0000000715600000, 0x0000000715400000| Untracked 
| 133|0x0000000715600000, 0x0000000715800000, 0x0000000715800000|100%| O|  |TAMS 0x0000000715800000, 0x0000000715600000| Updating 
| 134|0x0000000715800000, 0x0000000715a00000, 0x0000000715a00000|100%| O|  |TAMS 0x0000000715a00000, 0x0000000715800000| Updating 
| 135|0x0000000715a00000, 0x0000000715c00000, 0x0000000715c00000|100%| O|  |TAMS 0x0000000715c00000, 0x0000000715a00000| Updating 
| 136|0x0000000715c00000, 0x0000000715e00000, 0x0000000715e00000|100%| O|  |TAMS 0x0000000715e00000, 0x0000000715c00000| Updating 
| 137|0x0000000715e00000, 0x0000000716000000, 0x0000000716000000|100%| O|  |TAMS 0x0000000716000000, 0x0000000715e00000| Untracked 
| 138|0x0000000716000000, 0x0000000716200000, 0x0000000716200000|100%| O|  |TAMS 0x0000000716200000, 0x0000000716000000| Untracked 
| 139|0x0000000716200000, 0x0000000716400000, 0x0000000716400000|100%| O|  |TAMS 0x0000000716400000, 0x0000000716200000| Untracked 
| 140|0x0000000716400000, 0x0000000716600000, 0x0000000716600000|100%| O|  |TAMS 0x0000000716600000, 0x0000000716400000| Updating 
| 141|0x0000000716600000, 0x0000000716800000, 0x0000000716800000|100%| O|  |TAMS 0x0000000716800000, 0x0000000716600000| Untracked 
| 142|0x0000000716800000, 0x0000000716a00000, 0x0000000716a00000|100%| O|  |TAMS 0x0000000716a00000, 0x0000000716800000| Untracked 
| 143|0x0000000716a00000, 0x0000000716c00000, 0x0000000716c00000|100%| O|  |TAMS 0x0000000716c00000, 0x0000000716a00000| Updating 
| 144|0x0000000716c00000, 0x0000000716e00000, 0x0000000716e00000|100%| O|  |TAMS 0x0000000716e00000, 0x0000000716c00000| Updating 
| 145|0x0000000716e00000, 0x0000000717000000, 0x0000000717000000|100%| O|  |TAMS 0x0000000717000000, 0x0000000716e00000| Updating 
| 146|0x0000000717000000, 0x0000000717000000, 0x0000000717200000|  0%| F|  |TAMS 0x0000000717000000, 0x0000000717000000| Untracked 
| 147|0x0000000717200000, 0x0000000717200000, 0x0000000717400000|  0%| F|  |TAMS 0x0000000717200000, 0x0000000717200000| Untracked 
| 148|0x0000000717400000, 0x0000000717400000, 0x0000000717600000|  0%| F|  |TAMS 0x0000000717400000, 0x0000000717400000| Untracked 
| 149|0x0000000717600000, 0x0000000717600000, 0x0000000717800000|  0%| F|  |TAMS 0x0000000717600000, 0x0000000717600000| Untracked 
| 150|0x0000000717800000, 0x0000000717800000, 0x0000000717a00000|  0%| F|  |TAMS 0x0000000717800000, 0x0000000717800000| Untracked 
| 151|0x0000000717a00000, 0x0000000717a00000, 0x0000000717c00000|  0%| F|  |TAMS 0x0000000717a00000, 0x0000000717a00000| Untracked 
| 152|0x0000000717c00000, 0x0000000717c00000, 0x0000000717e00000|  0%| F|  |TAMS 0x0000000717c00000, 0x0000000717c00000| Untracked 
| 153|0x0000000717e00000, 0x0000000718000000, 0x0000000718000000|100%| O|  |TAMS 0x0000000718000000, 0x0000000717e00000| Updating 
| 154|0x0000000718000000, 0x0000000718200000, 0x0000000718200000|100%| O|  |TAMS 0x0000000718200000, 0x0000000718000000| Updating 
| 155|0x0000000718200000, 0x0000000718400000, 0x0000000718400000|100%| O|  |TAMS 0x0000000718400000, 0x0000000718200000| Updating 
| 156|0x0000000718400000, 0x0000000718600000, 0x0000000718600000|100%| O|  |TAMS 0x0000000718600000, 0x0000000718400000| Updating 
| 157|0x0000000718600000, 0x0000000718800000, 0x0000000718800000|100%| O|  |TAMS 0x0000000718800000, 0x0000000718600000| Updating 
| 158|0x0000000718800000, 0x0000000718a00000, 0x0000000718a00000|100%| O|  |TAMS 0x0000000718a00000, 0x0000000718800000| Updating 
| 159|0x0000000718a00000, 0x0000000718c00000, 0x0000000718c00000|100%| O|  |TAMS 0x0000000718c00000, 0x0000000718a00000| Updating 
| 160|0x0000000718c00000, 0x0000000718e00000, 0x0000000718e00000|100%| O|  |TAMS 0x0000000718e00000, 0x0000000718c00000| Updating 
| 161|0x0000000718e00000, 0x0000000719000000, 0x0000000719000000|100%| O|  |TAMS 0x0000000719000000, 0x0000000718e00000| Updating 
| 162|0x0000000719000000, 0x0000000719200000, 0x0000000719200000|100%| O|  |TAMS 0x0000000719200000, 0x0000000719000000| Updating 
| 163|0x0000000719200000, 0x0000000719400000, 0x0000000719400000|100%| O|  |TAMS 0x0000000719400000, 0x0000000719200000| Updating 
| 164|0x0000000719400000, 0x0000000719600000, 0x0000000719600000|100%| O|  |TAMS 0x0000000719600000, 0x0000000719400000| Updating 
| 165|0x0000000719600000, 0x0000000719800000, 0x0000000719800000|100%| O|  |TAMS 0x0000000719800000, 0x0000000719600000| Updating 
| 166|0x0000000719800000, 0x0000000719a00000, 0x0000000719a00000|100%| O|  |TAMS 0x0000000719a00000, 0x0000000719800000| Updating 
| 167|0x0000000719a00000, 0x0000000719c00000, 0x0000000719c00000|100%| O|  |TAMS 0x0000000719c00000, 0x0000000719a00000| Updating 
| 168|0x0000000719c00000, 0x0000000719e00000, 0x0000000719e00000|100%| O|  |TAMS 0x0000000719e00000, 0x0000000719c00000| Updating 
| 169|0x0000000719e00000, 0x000000071a000000, 0x000000071a000000|100%| O|  |TAMS 0x000000071a000000, 0x0000000719e00000| Updating 
| 170|0x000000071a000000, 0x000000071a200000, 0x000000071a200000|100%| O|  |TAMS 0x000000071a200000, 0x000000071a000000| Updating 
| 171|0x000000071a200000, 0x000000071a400000, 0x000000071a400000|100%| O|  |TAMS 0x000000071a400000, 0x000000071a200000| Updating 
| 172|0x000000071a400000, 0x000000071a600000, 0x000000071a600000|100%| O|  |TAMS 0x000000071a600000, 0x000000071a400000| Updating 
| 173|0x000000071a600000, 0x000000071a600000, 0x000000071a800000|  0%| F|  |TAMS 0x000000071a600000, 0x000000071a600000| Untracked 
| 174|0x000000071a800000, 0x000000071a800000, 0x000000071aa00000|  0%| F|  |TAMS 0x000000071a800000, 0x000000071a800000| Untracked 
| 175|0x000000071aa00000, 0x000000071aa00000, 0x000000071ac00000|  0%| F|  |TAMS 0x000000071aa00000, 0x000000071aa00000| Untracked 
| 176|0x000000071ac00000, 0x000000071ae00000, 0x000000071ae00000|100%| O|  |TAMS 0x000000071ae00000, 0x000000071ac00000| Updating 
| 177|0x000000071ae00000, 0x000000071b000000, 0x000000071b000000|100%| O|  |TAMS 0x000000071b000000, 0x000000071ae00000| Updating 
| 178|0x000000071b000000, 0x000000071b000000, 0x000000071b200000|  0%| F|  |TAMS 0x000000071b000000, 0x000000071b000000| Untracked 
| 179|0x000000071b200000, 0x000000071b200000, 0x000000071b400000|  0%| F|  |TAMS 0x000000071b200000, 0x000000071b200000| Untracked 
| 180|0x000000071b400000, 0x000000071b400000, 0x000000071b600000|  0%| F|  |TAMS 0x000000071b400000, 0x000000071b400000| Untracked 
| 181|0x000000071b600000, 0x000000071b600000, 0x000000071b800000|  0%| F|  |TAMS 0x000000071b600000, 0x000000071b600000| Untracked 
| 182|0x000000071b800000, 0x000000071b800000, 0x000000071ba00000|  0%| F|  |TAMS 0x000000071b800000, 0x000000071b800000| Untracked 
| 183|0x000000071ba00000, 0x000000071bc00000, 0x000000071bc00000|100%| O|  |TAMS 0x000000071bc00000, 0x000000071ba00000| Updating 
| 184|0x000000071bc00000, 0x000000071be00000, 0x000000071be00000|100%| O|  |TAMS 0x000000071be00000, 0x000000071bc00000| Updating 
| 185|0x000000071be00000, 0x000000071c000000, 0x000000071c000000|100%| O|  |TAMS 0x000000071c000000, 0x000000071be00000| Updating 
| 186|0x000000071c000000, 0x000000071c200000, 0x000000071c200000|100%| O|  |TAMS 0x000000071c200000, 0x000000071c000000| Updating 
| 187|0x000000071c200000, 0x000000071c400000, 0x000000071c400000|100%| O|  |TAMS 0x000000071c400000, 0x000000071c200000| Updating 
| 188|0x000000071c400000, 0x000000071c400000, 0x000000071c600000|  0%| F|  |TAMS 0x000000071c400000, 0x000000071c400000| Untracked 
| 189|0x000000071c600000, 0x000000071c600000, 0x000000071c800000|  0%| F|  |TAMS 0x000000071c600000, 0x000000071c600000| Untracked 
| 190|0x000000071c800000, 0x000000071c800000, 0x000000071ca00000|  0%| F|  |TAMS 0x000000071c800000, 0x000000071c800000| Untracked 
| 191|0x000000071ca00000, 0x000000071ca00000, 0x000000071cc00000|  0%| F|  |TAMS 0x000000071ca00000, 0x000000071ca00000| Untracked 
| 192|0x000000071cc00000, 0x000000071cc00000, 0x000000071ce00000|  0%| F|  |TAMS 0x000000071cc00000, 0x000000071cc00000| Untracked 
| 193|0x000000071ce00000, 0x000000071ce00000, 0x000000071d000000|  0%| F|  |TAMS 0x000000071ce00000, 0x000000071ce00000| Untracked 
| 194|0x000000071d000000, 0x000000071d200000, 0x000000071d200000|100%| O|  |TAMS 0x000000071d200000, 0x000000071d000000| Updating 
| 195|0x000000071d200000, 0x000000071d400000, 0x000000071d400000|100%| O|  |TAMS 0x000000071d400000, 0x000000071d200000| Updating 
| 196|0x000000071d400000, 0x000000071d600000, 0x000000071d600000|100%| O|  |TAMS 0x000000071d600000, 0x000000071d400000| Untracked 
| 197|0x000000071d600000, 0x000000071d800000, 0x000000071d800000|100%| O|  |TAMS 0x000000071d800000, 0x000000071d600000| Updating 
| 198|0x000000071d800000, 0x000000071da00000, 0x000000071da00000|100%| O|  |TAMS 0x000000071da00000, 0x000000071d800000| Updating 
| 199|0x000000071da00000, 0x000000071dc00000, 0x000000071dc00000|100%| O|  |TAMS 0x000000071dc00000, 0x000000071da00000| Updating 
| 200|0x000000071dc00000, 0x000000071de00000, 0x000000071de00000|100%| O|  |TAMS 0x000000071de00000, 0x000000071dc00000| Updating 
| 201|0x000000071de00000, 0x000000071e000000, 0x000000071e000000|100%| O|  |TAMS 0x000000071e000000, 0x000000071de00000| Updating 
| 202|0x000000071e000000, 0x000000071e000000, 0x000000071e200000|  0%| F|  |TAMS 0x000000071e000000, 0x000000071e000000| Untracked 
| 203|0x000000071e200000, 0x000000071e200000, 0x000000071e400000|  0%| F|  |TAMS 0x000000071e200000, 0x000000071e200000| Untracked 
| 204|0x000000071e400000, 0x000000071e400000, 0x000000071e600000|  0%| F|  |TAMS 0x000000071e400000, 0x000000071e400000| Untracked 
| 205|0x000000071e600000, 0x000000071e600000, 0x000000071e800000|  0%| F|  |TAMS 0x000000071e600000, 0x000000071e600000| Untracked 
| 206|0x000000071e800000, 0x000000071e800000, 0x000000071ea00000|  0%| F|  |TAMS 0x000000071e800000, 0x000000071e800000| Untracked 
| 207|0x000000071ea00000, 0x000000071ea00000, 0x000000071ec00000|  0%| F|  |TAMS 0x000000071ea00000, 0x000000071ea00000| Untracked 
| 208|0x000000071ec00000, 0x000000071ec00000, 0x000000071ee00000|  0%| F|  |TAMS 0x000000071ec00000, 0x000000071ec00000| Untracked 
| 209|0x000000071ee00000, 0x000000071ee00000, 0x000000071f000000|  0%| F|  |TAMS 0x000000071ee00000, 0x000000071ee00000| Untracked 
| 210|0x000000071f000000, 0x000000071f000000, 0x000000071f200000|  0%| F|  |TAMS 0x000000071f000000, 0x000000071f000000| Untracked 
| 211|0x000000071f200000, 0x000000071f200000, 0x000000071f400000|  0%| F|  |TAMS 0x000000071f200000, 0x000000071f200000| Untracked 
| 212|0x000000071f400000, 0x000000071f400000, 0x000000071f600000|  0%| F|  |TAMS 0x000000071f400000, 0x000000071f400000| Untracked 
| 213|0x000000071f600000, 0x000000071f600000, 0x000000071f800000|  0%| F|  |TAMS 0x000000071f600000, 0x000000071f600000| Untracked 
| 214|0x000000071f800000, 0x000000071f800000, 0x000000071fa00000|  0%| F|  |TAMS 0x000000071f800000, 0x000000071f800000| Untracked 
| 215|0x000000071fa00000, 0x000000071fa00000, 0x000000071fc00000|  0%| F|  |TAMS 0x000000071fa00000, 0x000000071fa00000| Untracked 
| 216|0x000000071fc00000, 0x000000071fc00000, 0x000000071fe00000|  0%| F|  |TAMS 0x000000071fc00000, 0x000000071fc00000| Untracked 
| 217|0x000000071fe00000, 0x0000000720000000, 0x0000000720000000|100%| O|  |TAMS 0x0000000720000000, 0x000000071fe00000| Updating 
| 218|0x0000000720000000, 0x0000000720200000, 0x0000000720200000|100%| O|  |TAMS 0x0000000720200000, 0x0000000720000000| Updating 
| 219|0x0000000720200000, 0x0000000720400000, 0x0000000720400000|100%| O|  |TAMS 0x0000000720400000, 0x0000000720200000| Updating 
| 220|0x0000000720400000, 0x0000000720600000, 0x0000000720600000|100%| O|  |TAMS 0x0000000720600000, 0x0000000720400000| Updating 
| 221|0x0000000720600000, 0x0000000720800000, 0x0000000720800000|100%| O|  |TAMS 0x0000000720800000, 0x0000000720600000| Updating 
| 222|0x0000000720800000, 0x0000000720a00000, 0x0000000720a00000|100%| O|  |TAMS 0x0000000720a00000, 0x0000000720800000| Updating 
| 223|0x0000000720a00000, 0x0000000720c00000, 0x0000000720c00000|100%| O|  |TAMS 0x0000000720c00000, 0x0000000720a00000| Updating 
| 224|0x0000000720c00000, 0x0000000720e00000, 0x0000000720e00000|100%| O|  |TAMS 0x0000000720e00000, 0x0000000720c00000| Updating 
| 225|0x0000000720e00000, 0x0000000720e00000, 0x0000000721000000|  0%| F|  |TAMS 0x0000000720e00000, 0x0000000720e00000| Untracked 
| 226|0x0000000721000000, 0x0000000721000000, 0x0000000721200000|  0%| F|  |TAMS 0x0000000721000000, 0x0000000721000000| Untracked 
| 227|0x0000000721200000, 0x0000000721200000, 0x0000000721400000|  0%| F|  |TAMS 0x0000000721200000, 0x0000000721200000| Untracked 
| 228|0x0000000721400000, 0x0000000721400000, 0x0000000721600000|  0%| F|  |TAMS 0x0000000721400000, 0x0000000721400000| Untracked 
| 229|0x0000000721600000, 0x0000000721600000, 0x0000000721800000|  0%| F|  |TAMS 0x0000000721600000, 0x0000000721600000| Untracked 
| 230|0x0000000721800000, 0x0000000721800000, 0x0000000721a00000|  0%| F|  |TAMS 0x0000000721800000, 0x0000000721800000| Untracked 
| 231|0x0000000721a00000, 0x0000000721a00000, 0x0000000721c00000|  0%| F|  |TAMS 0x0000000721a00000, 0x0000000721a00000| Untracked 
| 232|0x0000000721c00000, 0x0000000721e00000, 0x0000000721e00000|100%| O|  |TAMS 0x0000000721e00000, 0x0000000721c00000| Updating 
| 233|0x0000000721e00000, 0x0000000722000000, 0x0000000722000000|100%| O|  |TAMS 0x0000000722000000, 0x0000000721e00000| Untracked 
| 234|0x0000000722000000, 0x0000000722200000, 0x0000000722200000|100%| O|  |TAMS 0x0000000722200000, 0x0000000722000000| Untracked 
| 235|0x0000000722200000, 0x0000000722400000, 0x0000000722400000|100%| O|  |TAMS 0x0000000722400000, 0x0000000722200000| Untracked 
| 236|0x0000000722400000, 0x0000000722600000, 0x0000000722600000|100%| O|  |TAMS 0x0000000722600000, 0x0000000722400000| Untracked 
| 237|0x0000000722600000, 0x0000000722800000, 0x0000000722800000|100%| O|  |TAMS 0x0000000722800000, 0x0000000722600000| Untracked 
| 238|0x0000000722800000, 0x0000000722a00000, 0x0000000722a00000|100%| O|  |TAMS 0x0000000722a00000, 0x0000000722800000| Untracked 
| 239|0x0000000722a00000, 0x0000000722c00000, 0x0000000722c00000|100%| O|  |TAMS 0x0000000722c00000, 0x0000000722a00000| Untracked 
| 240|0x0000000722c00000, 0x0000000722e00000, 0x0000000722e00000|100%| O|  |TAMS 0x0000000722e00000, 0x0000000722c00000| Untracked 
| 241|0x0000000722e00000, 0x0000000723000000, 0x0000000723000000|100%| O|  |TAMS 0x0000000723000000, 0x0000000722e00000| Updating 
| 242|0x0000000723000000, 0x0000000723200000, 0x0000000723200000|100%| O|  |TAMS 0x0000000723200000, 0x0000000723000000| Untracked 
| 243|0x0000000723200000, 0x0000000723400000, 0x0000000723400000|100%| O|  |TAMS 0x0000000723400000, 0x0000000723200000| Updating 
| 244|0x0000000723400000, 0x0000000723600000, 0x0000000723600000|100%| O|  |TAMS 0x0000000723600000, 0x0000000723400000| Updating 
| 245|0x0000000723600000, 0x0000000723800000, 0x0000000723800000|100%| O|  |TAMS 0x0000000723800000, 0x0000000723600000| Updating 
| 246|0x0000000723800000, 0x0000000723a00000, 0x0000000723a00000|100%| O|  |TAMS 0x0000000723a00000, 0x0000000723800000| Updating 
| 247|0x0000000723a00000, 0x0000000723c00000, 0x0000000723c00000|100%| O|  |TAMS 0x0000000723c00000, 0x0000000723a00000| Updating 
| 248|0x0000000723c00000, 0x0000000723e00000, 0x0000000723e00000|100%| O|  |TAMS 0x0000000723e00000, 0x0000000723c00000| Updating 
| 249|0x0000000723e00000, 0x0000000724000000, 0x0000000724000000|100%| O|  |TAMS 0x0000000724000000, 0x0000000723e00000| Untracked 
| 250|0x0000000724000000, 0x0000000724200000, 0x0000000724200000|100%| O|  |TAMS 0x0000000724200000, 0x0000000724000000| Untracked 
| 251|0x0000000724200000, 0x0000000724400000, 0x0000000724400000|100%| O|  |TAMS 0x0000000724400000, 0x0000000724200000| Untracked 
| 252|0x0000000724400000, 0x0000000724600000, 0x0000000724600000|100%| O|  |TAMS 0x0000000724600000, 0x0000000724400000| Updating 
| 253|0x0000000724600000, 0x0000000724800000, 0x0000000724800000|100%| O|  |TAMS 0x0000000724800000, 0x0000000724600000| Updating 
| 254|0x0000000724800000, 0x0000000724a00000, 0x0000000724a00000|100%| O|  |TAMS 0x0000000724a00000, 0x0000000724800000| Updating 
| 255|0x0000000724a00000, 0x0000000724c00000, 0x0000000724c00000|100%| O|  |TAMS 0x0000000724c00000, 0x0000000724a00000| Updating 
| 256|0x0000000724c00000, 0x0000000724e00000, 0x0000000724e00000|100%| O|  |TAMS 0x0000000724e00000, 0x0000000724c00000| Updating 
| 257|0x0000000724e00000, 0x0000000724e00000, 0x0000000725000000|  0%| F|  |TAMS 0x0000000724e00000, 0x0000000724e00000| Untracked 
| 258|0x0000000725000000, 0x0000000725200000, 0x0000000725200000|100%| O|  |TAMS 0x0000000725200000, 0x0000000725000000| Updating 
| 259|0x0000000725200000, 0x0000000725400000, 0x0000000725400000|100%| O|  |TAMS 0x0000000725400000, 0x0000000725200000| Untracked 
| 260|0x0000000725400000, 0x0000000725600000, 0x0000000725600000|100%| O|  |TAMS 0x0000000725600000, 0x0000000725400000| Updating 
| 261|0x0000000725600000, 0x0000000725800000, 0x0000000725800000|100%| O|  |TAMS 0x0000000725800000, 0x0000000725600000| Updating 
| 262|0x0000000725800000, 0x0000000725a00000, 0x0000000725a00000|100%| O|  |TAMS 0x0000000725a00000, 0x0000000725800000| Updating 
| 263|0x0000000725a00000, 0x0000000725c00000, 0x0000000725c00000|100%| O|  |TAMS 0x0000000725c00000, 0x0000000725a00000| Updating 
| 264|0x0000000725c00000, 0x0000000725e00000, 0x0000000725e00000|100%| O|  |TAMS 0x0000000725e00000, 0x0000000725c00000| Updating 
| 265|0x0000000725e00000, 0x0000000726000000, 0x0000000726000000|100%| O|  |TAMS 0x0000000726000000, 0x0000000725e00000| Updating 
| 266|0x0000000726000000, 0x0000000726200000, 0x0000000726200000|100%| O|  |TAMS 0x0000000726200000, 0x0000000726000000| Updating 
| 267|0x0000000726200000, 0x0000000726400000, 0x0000000726400000|100%| O|  |TAMS 0x0000000726400000, 0x0000000726200000| Updating 
| 268|0x0000000726400000, 0x0000000726600000, 0x0000000726600000|100%| O|  |TAMS 0x0000000726600000, 0x0000000726400000| Updating 
| 269|0x0000000726600000, 0x0000000726800000, 0x0000000726800000|100%| O|  |TAMS 0x0000000726800000, 0x0000000726600000| Updating 
| 270|0x0000000726800000, 0x0000000726a00000, 0x0000000726a00000|100%| O|  |TAMS 0x0000000726a00000, 0x0000000726800000| Updating 
| 271|0x0000000726a00000, 0x0000000726c00000, 0x0000000726c00000|100%| O|  |TAMS 0x0000000726c00000, 0x0000000726a00000| Updating 
| 272|0x0000000726c00000, 0x0000000726e00000, 0x0000000726e00000|100%| O|  |TAMS 0x0000000726e00000, 0x0000000726c00000| Updating 
| 273|0x0000000726e00000, 0x0000000727000000, 0x0000000727000000|100%| O|  |TAMS 0x0000000727000000, 0x0000000726e00000| Updating 
| 274|0x0000000727000000, 0x0000000727200000, 0x0000000727200000|100%| O|  |TAMS 0x0000000727200000, 0x0000000727000000| Updating 
| 275|0x0000000727200000, 0x0000000727400000, 0x0000000727400000|100%| O|  |TAMS 0x0000000727400000, 0x0000000727200000| Updating 
| 276|0x0000000727400000, 0x0000000727600000, 0x0000000727600000|100%| O|  |TAMS 0x0000000727600000, 0x0000000727400000| Untracked 
| 277|0x0000000727600000, 0x0000000727800000, 0x0000000727800000|100%| O|  |TAMS 0x0000000727800000, 0x0000000727600000| Untracked 
| 278|0x0000000727800000, 0x0000000727a00000, 0x0000000727a00000|100%| O|  |TAMS 0x0000000727a00000, 0x0000000727800000| Updating 
| 279|0x0000000727a00000, 0x0000000727c00000, 0x0000000727c00000|100%| O|  |TAMS 0x0000000727c00000, 0x0000000727a00000| Updating 
| 280|0x0000000727c00000, 0x0000000727e00000, 0x0000000727e00000|100%| O|  |TAMS 0x0000000727e00000, 0x0000000727c00000| Updating 
| 281|0x0000000727e00000, 0x0000000728000000, 0x0000000728000000|100%| O|  |TAMS 0x0000000728000000, 0x0000000727e00000| Updating 
| 282|0x0000000728000000, 0x0000000728200000, 0x0000000728200000|100%| O|  |TAMS 0x0000000728200000, 0x0000000728000000| Untracked 
| 283|0x0000000728200000, 0x0000000728400000, 0x0000000728400000|100%| O|  |TAMS 0x0000000728400000, 0x0000000728200000| Updating 
| 284|0x0000000728400000, 0x0000000728600000, 0x0000000728600000|100%| O|  |TAMS 0x0000000728600000, 0x0000000728400000| Updating 
| 285|0x0000000728600000, 0x0000000728800000, 0x0000000728800000|100%| O|  |TAMS 0x0000000728800000, 0x0000000728600000| Untracked 
| 286|0x0000000728800000, 0x0000000728a00000, 0x0000000728a00000|100%| O|  |TAMS 0x0000000728a00000, 0x0000000728800000| Untracked 
| 287|0x0000000728a00000, 0x0000000728c00000, 0x0000000728c00000|100%| O|  |TAMS 0x0000000728c00000, 0x0000000728a00000| Untracked 
| 288|0x0000000728c00000, 0x0000000728e00000, 0x0000000728e00000|100%| O|  |TAMS 0x0000000728e00000, 0x0000000728c00000| Untracked 
| 289|0x0000000728e00000, 0x0000000729000000, 0x0000000729000000|100%| O|  |TAMS 0x0000000729000000, 0x0000000728e00000| Untracked 
| 290|0x0000000729000000, 0x0000000729200000, 0x0000000729200000|100%| O|  |TAMS 0x0000000729200000, 0x0000000729000000| Untracked 
| 291|0x0000000729200000, 0x0000000729400000, 0x0000000729400000|100%| O|  |TAMS 0x0000000729400000, 0x0000000729200000| Updating 
| 292|0x0000000729400000, 0x0000000729600000, 0x0000000729600000|100%| O|  |TAMS 0x0000000729600000, 0x0000000729400000| Updating 
| 293|0x0000000729600000, 0x0000000729800000, 0x0000000729800000|100%| O|  |TAMS 0x0000000729800000, 0x0000000729600000| Untracked 
| 294|0x0000000729800000, 0x0000000729a00000, 0x0000000729a00000|100%| O|  |TAMS 0x0000000729a00000, 0x0000000729800000| Untracked 
| 295|0x0000000729a00000, 0x0000000729c00000, 0x0000000729c00000|100%| O|  |TAMS 0x0000000729c00000, 0x0000000729a00000| Untracked 
| 296|0x0000000729c00000, 0x0000000729e00000, 0x0000000729e00000|100%| O|  |TAMS 0x0000000729e00000, 0x0000000729c00000| Updating 
| 297|0x0000000729e00000, 0x000000072a000000, 0x000000072a000000|100%| O|  |TAMS 0x000000072a000000, 0x0000000729e00000| Updating 
| 298|0x000000072a000000, 0x000000072a200000, 0x000000072a200000|100%| O|  |TAMS 0x000000072a200000, 0x000000072a000000| Updating 
| 299|0x000000072a200000, 0x000000072a400000, 0x000000072a400000|100%| O|  |TAMS 0x000000072a400000, 0x000000072a200000| Updating 
| 300|0x000000072a400000, 0x000000072a600000, 0x000000072a600000|100%| O|  |TAMS 0x000000072a600000, 0x000000072a400000| Updating 
| 301|0x000000072a600000, 0x000000072a800000, 0x000000072a800000|100%| O|  |TAMS 0x000000072a800000, 0x000000072a600000| Updating 
| 302|0x000000072a800000, 0x000000072aa00000, 0x000000072aa00000|100%| O|  |TAMS 0x000000072aa00000, 0x000000072a800000| Updating 
| 303|0x000000072aa00000, 0x000000072ac00000, 0x000000072ac00000|100%| O|  |TAMS 0x000000072ac00000, 0x000000072aa00000| Updating 
| 304|0x000000072ac00000, 0x000000072ae00000, 0x000000072ae00000|100%| O|  |TAMS 0x000000072ae00000, 0x000000072ac00000| Untracked 
| 305|0x000000072ae00000, 0x000000072b000000, 0x000000072b000000|100%| O|  |TAMS 0x000000072b000000, 0x000000072ae00000| Updating 
| 306|0x000000072b000000, 0x000000072b200000, 0x000000072b200000|100%| O|  |TAMS 0x000000072b200000, 0x000000072b000000| Updating 
| 307|0x000000072b200000, 0x000000072b400000, 0x000000072b400000|100%| O|  |TAMS 0x000000072b400000, 0x000000072b200000| Updating 
| 308|0x000000072b400000, 0x000000072b600000, 0x000000072b600000|100%| O|  |TAMS 0x000000072b600000, 0x000000072b400000| Updating 
| 309|0x000000072b600000, 0x000000072b800000, 0x000000072b800000|100%| O|  |TAMS 0x000000072b800000, 0x000000072b600000| Updating 
| 310|0x000000072b800000, 0x000000072ba00000, 0x000000072ba00000|100%| O|  |TAMS 0x000000072ba00000, 0x000000072b800000| Updating 
| 311|0x000000072ba00000, 0x000000072bc00000, 0x000000072bc00000|100%| O|  |TAMS 0x000000072bc00000, 0x000000072ba00000| Updating 
| 312|0x000000072bc00000, 0x000000072be00000, 0x000000072be00000|100%| O|  |TAMS 0x000000072be00000, 0x000000072bc00000| Updating 
| 313|0x000000072be00000, 0x000000072c000000, 0x000000072c000000|100%| O|  |TAMS 0x000000072c000000, 0x000000072be00000| Updating 
| 314|0x000000072c000000, 0x000000072c200000, 0x000000072c200000|100%| O|  |TAMS 0x000000072c200000, 0x000000072c000000| Updating 
| 315|0x000000072c200000, 0x000000072c400000, 0x000000072c400000|100%| O|  |TAMS 0x000000072c400000, 0x000000072c200000| Untracked 
| 316|0x000000072c400000, 0x000000072c600000, 0x000000072c600000|100%| O|  |TAMS 0x000000072c600000, 0x000000072c400000| Untracked 
| 317|0x000000072c600000, 0x000000072c800000, 0x000000072c800000|100%| O|  |TAMS 0x000000072c800000, 0x000000072c600000| Updating 
| 318|0x000000072c800000, 0x000000072ca00000, 0x000000072ca00000|100%| O|  |TAMS 0x000000072ca00000, 0x000000072c800000| Untracked 
| 319|0x000000072ca00000, 0x000000072cc00000, 0x000000072cc00000|100%| O|  |TAMS 0x000000072cc00000, 0x000000072ca00000| Untracked 
| 320|0x000000072cc00000, 0x000000072ce00000, 0x000000072ce00000|100%| O|  |TAMS 0x000000072ce00000, 0x000000072cc00000| Updating 
| 321|0x000000072ce00000, 0x000000072d000000, 0x000000072d000000|100%| O|  |TAMS 0x000000072d000000, 0x000000072ce00000| Updating 
| 322|0x000000072d000000, 0x000000072d200000, 0x000000072d200000|100%| O|  |TAMS 0x000000072d200000, 0x000000072d000000| Untracked 
| 323|0x000000072d200000, 0x000000072d400000, 0x000000072d400000|100%| O|  |TAMS 0x000000072d400000, 0x000000072d200000| Untracked 
| 324|0x000000072d400000, 0x000000072d600000, 0x000000072d600000|100%| O|  |TAMS 0x000000072d600000, 0x000000072d400000| Updating 
| 325|0x000000072d600000, 0x000000072d800000, 0x000000072d800000|100%| O|  |TAMS 0x000000072d800000, 0x000000072d600000| Updating 
| 326|0x000000072d800000, 0x000000072da00000, 0x000000072da00000|100%| O|  |TAMS 0x000000072da00000, 0x000000072d800000| Updating 
| 327|0x000000072da00000, 0x000000072dc00000, 0x000000072dc00000|100%| O|  |TAMS 0x000000072dc00000, 0x000000072da00000| Updating 
| 328|0x000000072dc00000, 0x000000072de00000, 0x000000072de00000|100%| O|  |TAMS 0x000000072de00000, 0x000000072dc00000| Updating 
| 329|0x000000072de00000, 0x000000072e000000, 0x000000072e000000|100%| O|  |TAMS 0x000000072e000000, 0x000000072de00000| Updating 
| 330|0x000000072e000000, 0x000000072e200000, 0x000000072e200000|100%| O|  |TAMS 0x000000072e200000, 0x000000072e000000| Untracked 
| 331|0x000000072e200000, 0x000000072e400000, 0x000000072e400000|100%| O|  |TAMS 0x000000072e400000, 0x000000072e200000| Updating 
| 332|0x000000072e400000, 0x000000072e600000, 0x000000072e600000|100%| O|  |TAMS 0x000000072e600000, 0x000000072e400000| Updating 
| 333|0x000000072e600000, 0x000000072e800000, 0x000000072e800000|100%| O|  |TAMS 0x000000072e800000, 0x000000072e600000| Updating 
| 334|0x000000072e800000, 0x000000072ea00000, 0x000000072ea00000|100%| O|  |TAMS 0x000000072ea00000, 0x000000072e800000| Updating 
| 335|0x000000072ea00000, 0x000000072ec00000, 0x000000072ec00000|100%| O|  |TAMS 0x000000072ec00000, 0x000000072ea00000| Untracked 
| 336|0x000000072ec00000, 0x000000072ee00000, 0x000000072ee00000|100%| O|  |TAMS 0x000000072ee00000, 0x000000072ec00000| Updating 
| 337|0x000000072ee00000, 0x000000072f000000, 0x000000072f000000|100%| O|  |TAMS 0x000000072f000000, 0x000000072ee00000| Updating 
| 338|0x000000072f000000, 0x000000072f200000, 0x000000072f200000|100%| O|  |TAMS 0x000000072f200000, 0x000000072f000000| Untracked 
| 339|0x000000072f200000, 0x000000072f400000, 0x000000072f400000|100%| O|  |TAMS 0x000000072f400000, 0x000000072f200000| Untracked 
| 340|0x000000072f400000, 0x000000072f600000, 0x000000072f600000|100%| O|  |TAMS 0x000000072f600000, 0x000000072f400000| Updating 
| 341|0x000000072f600000, 0x000000072f800000, 0x000000072f800000|100%| O|  |TAMS 0x000000072f800000, 0x000000072f600000| Updating 
| 342|0x000000072f800000, 0x000000072fa00000, 0x000000072fa00000|100%| O|  |TAMS 0x000000072fa00000, 0x000000072f800000| Updating 
| 343|0x000000072fa00000, 0x000000072fc00000, 0x000000072fc00000|100%| O|  |TAMS 0x000000072fc00000, 0x000000072fa00000| Updating 
| 344|0x000000072fc00000, 0x000000072fe00000, 0x000000072fe00000|100%| O|  |TAMS 0x000000072fe00000, 0x000000072fc00000| Updating 
| 345|0x000000072fe00000, 0x0000000730000000, 0x0000000730000000|100%| O|  |TAMS 0x000000072fefb800, 0x000000072fe00000| Updating 
| 346|0x0000000730000000, 0x0000000730200000, 0x0000000730200000|100%| O|  |TAMS 0x0000000730000000, 0x0000000730000000| Untracked 
| 347|0x0000000730200000, 0x0000000730400000, 0x0000000730400000|100%| O|  |TAMS 0x0000000730200000, 0x0000000730200000| Untracked 
| 348|0x0000000730400000, 0x0000000730600000, 0x0000000730600000|100%| O|  |TAMS 0x0000000730400000, 0x0000000730400000| Untracked 
| 349|0x0000000730600000, 0x0000000730800000, 0x0000000730800000|100%| O|  |TAMS 0x0000000730600000, 0x0000000730600000| Untracked 
| 350|0x0000000730800000, 0x0000000730a00000, 0x0000000730a00000|100%| O|  |TAMS 0x0000000730800000, 0x0000000730800000| Untracked 
| 351|0x0000000730a00000, 0x0000000730c00000, 0x0000000730c00000|100%| O|  |TAMS 0x0000000730a00000, 0x0000000730a00000| Untracked 
| 352|0x0000000730c00000, 0x0000000730e00000, 0x0000000730e00000|100%| O|  |TAMS 0x0000000730c00000, 0x0000000730c00000| Untracked 
| 353|0x0000000730e00000, 0x0000000731000000, 0x0000000731000000|100%| O|  |TAMS 0x0000000730e00000, 0x0000000730e00000| Untracked 
| 354|0x0000000731000000, 0x0000000731200000, 0x0000000731200000|100%| O|  |TAMS 0x0000000731000000, 0x0000000731000000| Untracked 
| 355|0x0000000731200000, 0x0000000731400000, 0x0000000731400000|100%| O|  |TAMS 0x0000000731200000, 0x0000000731200000| Untracked 
| 356|0x0000000731400000, 0x0000000731498e00, 0x0000000731600000| 29%| O|  |TAMS 0x0000000731400000, 0x0000000731400000| Updating 
| 357|0x0000000731600000, 0x0000000731600000, 0x0000000731800000|  0%| F|  |TAMS 0x0000000731600000, 0x0000000731600000| Untracked 
| 358|0x0000000731800000, 0x0000000731800000, 0x0000000731a00000|  0%| F|  |TAMS 0x0000000731800000, 0x0000000731800000| Untracked 
| 359|0x0000000731a00000, 0x0000000731a00000, 0x0000000731c00000|  0%| F|  |TAMS 0x0000000731a00000, 0x0000000731a00000| Untracked 
| 360|0x0000000731c00000, 0x0000000731c00000, 0x0000000731e00000|  0%| F|  |TAMS 0x0000000731c00000, 0x0000000731c00000| Untracked 
| 361|0x0000000731e00000, 0x0000000731e00000, 0x0000000732000000|  0%| F|  |TAMS 0x0000000731e00000, 0x0000000731e00000| Untracked 
| 362|0x0000000732000000, 0x0000000732000000, 0x0000000732200000|  0%| F|  |TAMS 0x0000000732000000, 0x0000000732000000| Untracked 
| 363|0x0000000732200000, 0x0000000732200000, 0x0000000732400000|  0%| F|  |TAMS 0x0000000732200000, 0x0000000732200000| Untracked 
| 364|0x0000000732400000, 0x0000000732400000, 0x0000000732600000|  0%| F|  |TAMS 0x0000000732400000, 0x0000000732400000| Untracked 
| 365|0x0000000732600000, 0x0000000732600000, 0x0000000732800000|  0%| F|  |TAMS 0x0000000732600000, 0x0000000732600000| Untracked 
| 366|0x0000000732800000, 0x0000000732800000, 0x0000000732a00000|  0%| F|  |TAMS 0x0000000732800000, 0x0000000732800000| Untracked 
| 367|0x0000000732a00000, 0x0000000732a00000, 0x0000000732c00000|  0%| F|  |TAMS 0x0000000732a00000, 0x0000000732a00000| Untracked 
| 368|0x0000000732c00000, 0x0000000732c00000, 0x0000000732e00000|  0%| F|  |TAMS 0x0000000732c00000, 0x0000000732c00000| Untracked 
| 369|0x0000000732e00000, 0x0000000732e00000, 0x0000000733000000|  0%| F|  |TAMS 0x0000000732e00000, 0x0000000732e00000| Untracked 
| 370|0x0000000733000000, 0x0000000733000000, 0x0000000733200000|  0%| F|  |TAMS 0x0000000733000000, 0x0000000733000000| Untracked 
| 371|0x0000000733200000, 0x0000000733200000, 0x0000000733400000|  0%| F|  |TAMS 0x0000000733200000, 0x0000000733200000| Untracked 
| 372|0x0000000733400000, 0x0000000733400000, 0x0000000733600000|  0%| F|  |TAMS 0x0000000733400000, 0x0000000733400000| Untracked 
| 373|0x0000000733600000, 0x0000000733600000, 0x0000000733800000|  0%| F|  |TAMS 0x0000000733600000, 0x0000000733600000| Untracked 
| 374|0x0000000733800000, 0x0000000733a00000, 0x0000000733a00000|100%| S|CS|TAMS 0x0000000733800000, 0x0000000733800000| Complete 
| 375|0x0000000733a00000, 0x0000000733a00000, 0x0000000733c00000|  0%| F|  |TAMS 0x0000000733a00000, 0x0000000733a00000| Untracked 
| 376|0x0000000733c00000, 0x0000000733c00000, 0x0000000733e00000|  0%| F|  |TAMS 0x0000000733c00000, 0x0000000733c00000| Untracked 
| 377|0x0000000733e00000, 0x0000000733e00000, 0x0000000734000000|  0%| F|  |TAMS 0x0000000733e00000, 0x0000000733e00000| Untracked 
| 378|0x0000000734000000, 0x0000000734200000, 0x0000000734200000|100%| S|CS|TAMS 0x0000000734000000, 0x0000000734000000| Complete 
| 379|0x0000000734200000, 0x0000000734400000, 0x0000000734400000|100%| S|CS|TAMS 0x0000000734200000, 0x0000000734200000| Complete 
| 380|0x0000000734400000, 0x0000000734400000, 0x0000000734600000|  0%| F|  |TAMS 0x0000000734400000, 0x0000000734400000| Untracked 
| 381|0x0000000734600000, 0x0000000734600000, 0x0000000734800000|  0%| F|  |TAMS 0x0000000734600000, 0x0000000734600000| Untracked 
| 382|0x0000000734800000, 0x0000000734800000, 0x0000000734a00000|  0%| F|  |TAMS 0x0000000734800000, 0x0000000734800000| Untracked 
| 383|0x0000000734a00000, 0x0000000734a00000, 0x0000000734c00000|  0%| F|  |TAMS 0x0000000734a00000, 0x0000000734a00000| Untracked 
| 384|0x0000000734c00000, 0x0000000734c00000, 0x0000000734e00000|  0%| F|  |TAMS 0x0000000734c00000, 0x0000000734c00000| Untracked 
| 385|0x0000000734e00000, 0x0000000734e00000, 0x0000000735000000|  0%| F|  |TAMS 0x0000000734e00000, 0x0000000734e00000| Untracked 
| 386|0x0000000735000000, 0x0000000735000000, 0x0000000735200000|  0%| F|  |TAMS 0x0000000735000000, 0x0000000735000000| Untracked 
| 387|0x0000000735200000, 0x0000000735200000, 0x0000000735400000|  0%| F|  |TAMS 0x0000000735200000, 0x0000000735200000| Untracked 
| 388|0x0000000735400000, 0x0000000735400000, 0x0000000735600000|  0%| F|  |TAMS 0x0000000735400000, 0x0000000735400000| Untracked 
| 389|0x0000000735600000, 0x00000007356b88e0, 0x0000000735800000| 36%| E|  |TAMS 0x0000000735600000, 0x0000000735600000| Complete 
| 390|0x0000000735800000, 0x0000000735a00000, 0x0000000735a00000|100%| E|CS|TAMS 0x0000000735800000, 0x0000000735800000| Complete 
| 391|0x0000000735a00000, 0x0000000735c00000, 0x0000000735c00000|100%| E|CS|TAMS 0x0000000735a00000, 0x0000000735a00000| Complete 
| 392|0x0000000735c00000, 0x0000000735e00000, 0x0000000735e00000|100%| E|CS|TAMS 0x0000000735c00000, 0x0000000735c00000| Complete 
| 393|0x0000000735e00000, 0x0000000736000000, 0x0000000736000000|100%| E|CS|TAMS 0x0000000735e00000, 0x0000000735e00000| Complete 
| 394|0x0000000736000000, 0x0000000736200000, 0x0000000736200000|100%| E|CS|TAMS 0x0000000736000000, 0x0000000736000000| Complete 
| 395|0x0000000736200000, 0x0000000736400000, 0x0000000736400000|100%| E|CS|TAMS 0x0000000736200000, 0x0000000736200000| Complete 
| 396|0x0000000736400000, 0x0000000736600000, 0x0000000736600000|100%| E|CS|TAMS 0x0000000736400000, 0x0000000736400000| Complete 
|1974|0x00000007fb800000, 0x00000007fba00000, 0x00000007fba00000|100%| O|  |TAMS 0x00000007fba00000, 0x00000007fb800000| Updating 
|1975|0x00000007fba00000, 0x00000007fbc00000, 0x00000007fbc00000|100%| O|  |TAMS 0x00000007fbc00000, 0x00000007fba00000| Untracked 
|1976|0x00000007fbc00000, 0x00000007fbe00000, 0x00000007fbe00000|100%| O|  |TAMS 0x00000007fbe00000, 0x00000007fbc00000| Untracked 
|1977|0x00000007fbe00000, 0x00000007fc000000, 0x00000007fc000000|100%| O|  |TAMS 0x00000007fc000000, 0x00000007fbe00000| Untracked 
|1978|0x00000007fc000000, 0x00000007fc200000, 0x00000007fc200000|100%| O|  |TAMS 0x00000007fc200000, 0x00000007fc000000| Untracked 
|1979|0x00000007fc200000, 0x00000007fc400000, 0x00000007fc400000|100%| O|  |TAMS 0x00000007fc400000, 0x00000007fc200000| Untracked 
|1980|0x00000007fc400000, 0x00000007fc600000, 0x00000007fc600000|100%| O|  |TAMS 0x00000007fc600000, 0x00000007fc400000| Untracked 
|1981|0x00000007fc600000, 0x00000007fc800000, 0x00000007fc800000|100%| O|  |TAMS 0x00000007fc800000, 0x00000007fc600000| Updating 
|1982|0x00000007fc800000, 0x00000007fca00000, 0x00000007fca00000|100%| E|CS|TAMS 0x00000007fc800000, 0x00000007fc800000| Complete 
|1983|0x00000007fca00000, 0x00000007fcc00000, 0x00000007fcc00000|100%| O|  |TAMS 0x00000007fcc00000, 0x00000007fca00000| Untracked 
|1984|0x00000007fcc00000, 0x00000007fce00000, 0x00000007fce00000|100%| O|  |TAMS 0x00000007fce00000, 0x00000007fcc00000| Untracked 
|1985|0x00000007fce00000, 0x00000007fd000000, 0x00000007fd000000|100%| O|  |TAMS 0x00000007fd000000, 0x00000007fce00000| Untracked 
|1986|0x00000007fd000000, 0x00000007fd200000, 0x00000007fd200000|100%| O|  |TAMS 0x00000007fd200000, 0x00000007fd000000| Untracked 
|1987|0x00000007fd200000, 0x00000007fd400000, 0x00000007fd400000|100%| O|  |TAMS 0x00000007fd400000, 0x00000007fd200000| Untracked 
|1988|0x00000007fd400000, 0x00000007fd600000, 0x00000007fd600000|100%| O|  |TAMS 0x00000007fd600000, 0x00000007fd400000| Untracked 
|1989|0x00000007fd600000, 0x00000007fd800000, 0x00000007fd800000|100%| O|  |TAMS 0x00000007fd800000, 0x00000007fd600000| Untracked 
|1990|0x00000007fd800000, 0x00000007fda00000, 0x00000007fda00000|100%| O|  |TAMS 0x00000007fda00000, 0x00000007fd800000| Untracked 
|1991|0x00000007fda00000, 0x00000007fdc00000, 0x00000007fdc00000|100%| O|  |TAMS 0x00000007fdc00000, 0x00000007fda00000| Untracked 
|1992|0x00000007fdc00000, 0x00000007fde00000, 0x00000007fde00000|100%| O|  |TAMS 0x00000007fde00000, 0x00000007fdc00000| Untracked 
|1993|0x00000007fde00000, 0x00000007fe000000, 0x00000007fe000000|100%| O|  |TAMS 0x00000007fe000000, 0x00000007fde00000| Untracked 
|1994|0x00000007fe000000, 0x00000007fe200000, 0x00000007fe200000|100%| O|  |TAMS 0x00000007fe200000, 0x00000007fe000000| Untracked 
|1995|0x00000007fe200000, 0x00000007fe400000, 0x00000007fe400000|100%| O|  |TAMS 0x00000007fe400000, 0x00000007fe200000| Untracked 
|1996|0x00000007fe400000, 0x00000007fe600000, 0x00000007fe600000|100%| O|  |TAMS 0x00000007fe600000, 0x00000007fe400000| Untracked 
|1997|0x00000007fe600000, 0x00000007fe800000, 0x00000007fe800000|100%| O|  |TAMS 0x00000007fe800000, 0x00000007fe600000| Untracked 
|1998|0x00000007fe800000, 0x00000007fea00000, 0x00000007fea00000|100%| O|  |TAMS 0x00000007fea00000, 0x00000007fe800000| Untracked 
|1999|0x00000007fea00000, 0x00000007fec00000, 0x00000007fec00000|100%| O|  |TAMS 0x00000007fec00000, 0x00000007fea00000| Untracked 
|2000|0x00000007fec00000, 0x00000007fee00000, 0x00000007fee00000|100%| O|  |TAMS 0x00000007fee00000, 0x00000007fec00000| Untracked 
|2001|0x00000007fee00000, 0x00000007ff000000, 0x00000007ff000000|100%| O|  |TAMS 0x00000007ff000000, 0x00000007fee00000| Untracked 
|2002|0x00000007ff000000, 0x00000007ff200000, 0x00000007ff200000|100%| O|  |TAMS 0x00000007ff200000, 0x00000007ff000000| Untracked 
|2003|0x00000007ff200000, 0x00000007ff400000, 0x00000007ff400000|100%| O|  |TAMS 0x00000007ff400000, 0x00000007ff200000| Untracked 
|2004|0x00000007ff400000, 0x00000007ff600000, 0x00000007ff600000|100%| O|  |TAMS 0x00000007ff600000, 0x00000007ff400000| Untracked 
|2005|0x00000007ff600000, 0x00000007ff800000, 0x00000007ff800000|100%| O|  |TAMS 0x00000007ff800000, 0x00000007ff600000| Untracked 
|2006|0x00000007ff800000, 0x00000007ffa00000, 0x00000007ffa00000|100%| O|  |TAMS 0x00000007ffa00000, 0x00000007ff800000| Untracked 
|2007|0x00000007ffa00000, 0x00000007ffc00000, 0x00000007ffc00000|100%| O|  |TAMS 0x00000007ffc00000, 0x00000007ffa00000| Untracked 
|2008|0x00000007ffc00000, 0x00000007ffe00000, 0x00000007ffe00000|100%| O|  |TAMS 0x00000007ffe00000, 0x00000007ffc00000| Untracked 
|2009|0x00000007ffe00000, 0x0000000800000000, 0x0000000800000000|100%| O|  |TAMS 0x0000000800000000, 0x00000007ffe00000| Untracked 

Card table byte_map: [0x000001fc66c90000,0x000001fc67470000] _byte_map_base: 0x000001fc6346a000

Marking Bits (Prev, Next): (CMBitMap*) 0x000001fc5b3f3920, (CMBitMap*) 0x000001fc5b3f3960
 Prev Bits: [0x000001fc67c50000, 0x000001fc6bb20000)
 Next Bits: [0x000001fc6bb20000, 0x000001fc6f9f0000)

Polling page: 0x000001fc592d0000

Metaspace:

Usage:
  Non-class:    108.63 MB used.
      Class:     16.70 MB used.
       Both:    125.33 MB used.

Virtual space:
  Non-class space:      128.00 MB reserved,     109.12 MB ( 85%) committed,  2 nodes.
      Class space:        1.00 GB reserved,      17.12 MB (  2%) committed,  1 nodes.
             Both:        1.12 GB reserved,     126.25 MB ( 11%) committed. 

Chunk freelists:
   Non-Class:  2.99 MB
       Class:  15.00 MB
        Both:  17.99 MB

MaxMetaspaceSize: unlimited
CompressedClassSpaceSize: 1.00 GB
Initial GC threshold: 21.00 MB
Current GC threshold: 210.12 MB
CDS: on
MetaspaceReclaimPolicy: balanced
 - commit_granule_bytes: 65536.
 - commit_granule_words: 8192.
 - virtual_space_node_default_size: 8388608.
 - enlarge_chunks_in_place: 1.
 - new_chunks_are_fully_committed: 0.
 - uncommit_free_chunks: 1.
 - use_allocation_guard: 0.
 - handle_deallocations: 1.


Internal statistics:

num_allocs_failed_limit: 11.
num_arena_births: 1166.
num_arena_deaths: 226.
num_vsnodes_births: 3.
num_vsnodes_deaths: 0.
num_space_committed: 2020.
num_space_uncommitted: 0.
num_chunks_returned_to_freelist: 265.
num_chunks_taken_from_freelist: 5789.
num_chunk_merges: 88.
num_chunk_splits: 4462.
num_chunks_enlarged: 3710.
num_inconsistent_stats: 0.

CodeCache: size=49152Kb used=25061Kb max_used=27676Kb free=24090Kb
 bounds [0x000001fc62c30000, 0x000001fc64740000, 0x000001fc65c30000]
 total_blobs=15671 nmethods=14848 adapters=749
 compilation: enabled
              stopped_count=0, restarted_count=0
 full_count=0

Compilation events (20 events):
Event: 91.990 Thread 0x000001fc72d18a90 15065       1       java.lang.AbstractStringBuilder::putCharsAt (95 bytes)
Event: 91.990 Thread 0x000001fc72d18a90 nmethod 15065 0x000001fc62e84690 code [0x000001fc62e84860, 0x000001fc62e84c28]
Event: 91.990 Thread 0x000001fc72d18a90 15064       1       java.lang.AbstractStringBuilder::insert (60 bytes)
Event: 91.991 Thread 0x000001fc72d18a90 nmethod 15064 0x000001fc62e84190 code [0x000001fc62e84360, 0x000001fc62e84528]
Event: 91.994 Thread 0x000001fc72d18a90 15066       1       org.postgresql.core.CachedQuery::getExecuteCount (5 bytes)
Event: 91.994 Thread 0x000001fc72d18a90 nmethod 15066 0x000001fc62e83e90 code [0x000001fc62e84020, 0x000001fc62e840f8]
Event: 92.004 Thread 0x000001fc72d18a90 15067       1       org.postgresql.jdbc.PgStatement::cleanupTimer (58 bytes)
Event: 92.004 Thread 0x000001fc72d18a90 nmethod 15067 0x000001fc62e83710 code [0x000001fc62e83900, 0x000001fc62e83cf8]
Event: 92.004 Thread 0x000001fc72d18a90 15068       1       java.util.concurrent.atomic.AtomicReferenceFieldUpdater$AtomicReferenceFieldUpdaterImpl::get (17 bytes)
Event: 92.005 Thread 0x000001fc72d18a90 nmethod 15068 0x000001fc62e83310 code [0x000001fc62e834a0, 0x000001fc62e83628]
Event: 92.005 Thread 0x000001fc72d18a90 15069       1       java.util.concurrent.atomic.AtomicReferenceFieldUpdater$AtomicReferenceFieldUpdaterImpl::valueCheck (19 bytes)
Event: 92.005 Thread 0x000001fc72d18a90 nmethod 15069 0x000001fc62e82f10 code [0x000001fc62e830a0, 0x000001fc62e83228]
Event: 92.056 Thread 0x000001fc72d18a90 15070 %     1       java.lang.String::encodeUTF8_UTF16 @ 58 (372 bytes)
Event: 92.057 Thread 0x000001fc72d18a90 nmethod 15070% 0x000001fc62e81e90 code [0x000001fc62e82080, 0x000001fc62e82b38]
Event: 92.182 Thread 0x000001fc72d18a90 15071       1       com.fasterxml.jackson.core.json.WriterBasedJsonGenerator::_writeLongString (102 bytes)
Event: 92.182 Thread 0x000001fc72d18a90 nmethod 15071 0x000001fc62e81890 code [0x000001fc62e81a60, 0x000001fc62e81ca8]
Event: 92.201 Thread 0x000001fc72d18a90 15072 %     1       org.hibernate.engine.internal.EntityEntryContext::reentrantSafeEntityEntries @ 25 (77 bytes)
Event: 92.202 Thread 0x000001fc72d18a90 nmethod 15072% 0x000001fc62e80f10 code [0x000001fc62e810e0, 0x000001fc62e81658]
Event: 92.202 Thread 0x000001fc72d18a90 15073       1       org.hibernate.engine.internal.EntityEntryContext::reentrantSafeEntityEntries (77 bytes)
Event: 92.202 Thread 0x000001fc72d18a90 nmethod 15073 0x000001fc62e80610 code [0x000001fc62e807c0, 0x000001fc62e80cd8]

GC Heap History (20 events):
Event: 88.360 GC heap before
{Heap before GC invocations=77 (full 0):
 garbage-first heap   total 751616K, used 657017K [0x0000000704c00000, 0x0000000800000000)
  region size 2048K, 18 young (36864K), 3 survivors (6144K)
 Metaspace       used 128510K, committed 129216K, reserved 1179648K
  class space    used 17140K, committed 17472K, reserved 1048576K
}
Event: 88.370 GC heap after
{Heap after GC invocations=78 (full 0):
 garbage-first heap   total 886784K, used 641354K [0x0000000704c00000, 0x0000000800000000)
  region size 2048K, 3 young (6144K), 3 survivors (6144K)
 Metaspace       used 128510K, committed 129216K, reserved 1179648K
  class space    used 17140K, committed 17472K, reserved 1048576K
}
Event: 89.065 GC heap before
{Heap before GC invocations=78 (full 0):
 garbage-first heap   total 886784K, used 700746K [0x0000000704c00000, 0x0000000800000000)
  region size 2048K, 32 young (65536K), 3 survivors (6144K)
 Metaspace       used 128523K, committed 129280K, reserved 1179648K
  class space    used 17142K, committed 17536K, reserved 1048576K
}
Event: 89.074 GC heap after
{Heap after GC invocations=79 (full 0):
 garbage-first heap   total 886784K, used 662011K [0x0000000704c00000, 0x0000000800000000)
  region size 2048K, 4 young (8192K), 4 survivors (8192K)
 Metaspace       used 128523K, committed 129280K, reserved 1179648K
  class space    used 17142K, committed 17536K, reserved 1048576K
}
Event: 89.739 GC heap before
{Heap before GC invocations=79 (full 0):
 garbage-first heap   total 886784K, used 717307K [0x0000000704c00000, 0x0000000800000000)
  region size 2048K, 31 young (63488K), 4 survivors (8192K)
 Metaspace       used 128523K, committed 129280K, reserved 1179648K
  class space    used 17142K, committed 17536K, reserved 1048576K
}
Event: 89.746 GC heap after
{Heap after GC invocations=80 (full 0):
 garbage-first heap   total 886784K, used 678133K [0x0000000704c00000, 0x0000000800000000)
  region size 2048K, 4 young (8192K), 4 survivors (8192K)
 Metaspace       used 128523K, committed 129280K, reserved 1179648K
  class space    used 17142K, committed 17536K, reserved 1048576K
}
Event: 90.350 GC heap before
{Heap before GC invocations=80 (full 0):
 garbage-first heap   total 886784K, used 727285K [0x0000000704c00000, 0x0000000800000000)
  region size 2048K, 29 young (59392K), 4 survivors (8192K)
 Metaspace       used 128523K, committed 129280K, reserved 1179648K
  class space    used 17142K, committed 17536K, reserved 1048576K
}
Event: 90.357 GC heap after
{Heap after GC invocations=81 (full 0):
 garbage-first heap   total 886784K, used 699161K [0x0000000704c00000, 0x0000000800000000)
  region size 2048K, 4 young (8192K), 4 survivors (8192K)
 Metaspace       used 128523K, committed 129280K, reserved 1179648K
  class space    used 17142K, committed 17536K, reserved 1048576K
}
Event: 90.671 GC heap before
{Heap before GC invocations=81 (full 0):
 garbage-first heap   total 886784K, used 740121K [0x0000000704c00000, 0x0000000800000000)
  region size 2048K, 24 young (49152K), 4 survivors (8192K)
 Metaspace       used 128524K, committed 129280K, reserved 1179648K
  class space    used 17142K, committed 17536K, reserved 1048576K
}
Event: 90.682 GC heap after
{Heap after GC invocations=82 (full 0):
 garbage-first heap   total 886784K, used 721989K [0x0000000704c00000, 0x0000000800000000)
  region size 2048K, 3 young (6144K), 3 survivors (6144K)
 Metaspace       used 128524K, committed 129280K, reserved 1179648K
  class space    used 17142K, committed 17536K, reserved 1048576K
}
Event: 90.917 GC heap before
{Heap before GC invocations=82 (full 0):
 garbage-first heap   total 886784K, used 758853K [0x0000000704c00000, 0x0000000800000000)
  region size 2048K, 21 young (43008K), 3 survivors (6144K)
 Metaspace       used 128524K, committed 129280K, reserved 1179648K
  class space    used 17142K, committed 17536K, reserved 1048576K
}
Event: 90.921 GC heap after
{Heap after GC invocations=83 (full 0):
 garbage-first heap   total 886784K, used 736617K [0x0000000704c00000, 0x0000000800000000)
  region size 2048K, 3 young (6144K), 3 survivors (6144K)
 Metaspace       used 128524K, committed 129280K, reserved 1179648K
  class space    used 17142K, committed 17536K, reserved 1048576K
}
Event: 91.287 GC heap before
{Heap before GC invocations=83 (full 0):
 garbage-first heap   total 886784K, used 773481K [0x0000000704c00000, 0x0000000800000000)
  region size 2048K, 21 young (43008K), 3 survivors (6144K)
 Metaspace       used 128524K, committed 129280K, reserved 1179648K
  class space    used 17142K, committed 17536K, reserved 1048576K
}
Event: 91.291 GC heap after
{Heap after GC invocations=84 (full 0):
 garbage-first heap   total 886784K, used 751557K [0x0000000704c00000, 0x0000000800000000)
  region size 2048K, 3 young (6144K), 3 survivors (6144K)
 Metaspace       used 128524K, committed 129280K, reserved 1179648K
  class space    used 17142K, committed 17536K, reserved 1048576K
}
Event: 91.657 GC heap before
{Heap before GC invocations=84 (full 0):
 garbage-first heap   total 886784K, used 788421K [0x0000000704c00000, 0x0000000800000000)
  region size 2048K, 21 young (43008K), 3 survivors (6144K)
 Metaspace       used 128524K, committed 129280K, reserved 1179648K
  class space    used 17142K, committed 17536K, reserved 1048576K
}
Event: 91.662 GC heap after
{Heap after GC invocations=85 (full 0):
 garbage-first heap   total 886784K, used 768693K [0x0000000704c00000, 0x0000000800000000)
  region size 2048K, 3 young (6144K), 3 survivors (6144K)
 Metaspace       used 128524K, committed 129280K, reserved 1179648K
  class space    used 17142K, committed 17536K, reserved 1048576K
}
Event: 92.005 GC heap before
{Heap before GC invocations=85 (full 0):
 garbage-first heap   total 886784K, used 805557K [0x0000000704c00000, 0x0000000800000000)
  region size 2048K, 21 young (43008K), 3 survivors (6144K)
 Metaspace       used 128524K, committed 129280K, reserved 1179648K
  class space    used 17142K, committed 17536K, reserved 1048576K
}
Event: 92.015 GC heap after
{Heap after GC invocations=86 (full 0):
 garbage-first heap   total 886784K, used 784760K [0x0000000704c00000, 0x0000000800000000)
  region size 2048K, 3 young (6144K), 3 survivors (6144K)
 Metaspace       used 128524K, committed 129280K, reserved 1179648K
  class space    used 17142K, committed 17536K, reserved 1048576K
}
Event: 92.169 GC heap before
{Heap before GC invocations=86 (full 0):
 garbage-first heap   total 886784K, used 821624K [0x0000000704c00000, 0x0000000800000000)
  region size 2048K, 21 young (43008K), 3 survivors (6144K)
 Metaspace       used 128524K, committed 129280K, reserved 1179648K
  class space    used 17142K, committed 17536K, reserved 1048576K
}
Event: 92.176 GC heap after
{Heap after GC invocations=87 (full 0):
 garbage-first heap   total 886784K, used 806893K [0x0000000704c00000, 0x0000000800000000)
  region size 2048K, 3 young (6144K), 3 survivors (6144K)
 Metaspace       used 128524K, committed 129280K, reserved 1179648K
  class space    used 17142K, committed 17536K, reserved 1048576K
}

Deoptimization events (10 events):
Event: 0.583 Thread 0x000001fc5b384fe0 DEOPT PACKING pc=0x000001fc630c135c sp=0x00000034223fdd40
Event: 0.583 Thread 0x000001fc5b384fe0 DEOPT UNPACKING pc=0x000001fc62c82b43 sp=0x00000034223fd270 mode 0
Event: 2.030 Thread 0x000001fc5b384fe0 DEOPT PACKING pc=0x000001fc637600ec sp=0x00000034223fae40
Event: 2.030 Thread 0x000001fc5b384fe0 DEOPT UNPACKING pc=0x000001fc62c82b43 sp=0x00000034223fa300 mode 0
Event: 2.318 Thread 0x000001fc5b384fe0 DEOPT PACKING pc=0x000001fc63103109 sp=0x00000034223fe8e0
Event: 2.318 Thread 0x000001fc5b384fe0 DEOPT UNPACKING pc=0x000001fc62c82b43 sp=0x00000034223fdd70 mode 3
Event: 2.318 Thread 0x000001fc789663d0 DEOPT PACKING pc=0x000001fc630ab89f sp=0x00000034254febb0
Event: 2.318 Thread 0x000001fc789663d0 DEOPT UNPACKING pc=0x000001fc62c82b43 sp=0x00000034254fe008 mode 3
Event: 3.583 Thread 0x000001fc5b384fe0 DEOPT PACKING pc=0x000001fc63a90afc sp=0x00000034223fd130
Event: 3.583 Thread 0x000001fc5b384fe0 DEOPT UNPACKING pc=0x000001fc62c82b43 sp=0x00000034223fc600 mode 0

Classes unloaded (20 events):
Event: 92.298 Thread 0x000001fc72ce8210 Unloading class 0x000001fc013c4000 'jdk/internal/reflect/GeneratedConstructorAccessor12'
Event: 92.298 Thread 0x000001fc72ce8210 Unloading class 0x000001fc013a1000 'jdk/internal/reflect/GeneratedConstructorAccessor9'
Event: 92.298 Thread 0x000001fc72ce8210 Unloading class 0x000001fc013a0c00 'jdk/internal/reflect/GeneratedConstructorAccessor8'
Event: 92.298 Thread 0x000001fc72ce8210 Unloading class 0x000001fc013a0400 'java/lang/invoke/LambdaForm$MH+0x000001fc013a0400'
Event: 92.298 Thread 0x000001fc72ce8210 Unloading class 0x000001fc013a0000 'java/lang/invoke/LambdaForm$MH+0x000001fc013a0000'
Event: 92.298 Thread 0x000001fc72ce8210 Unloading class 0x000001fc0139cc00 'java/lang/invoke/LambdaForm$MH+0x000001fc0139cc00'
Event: 92.298 Thread 0x000001fc72ce8210 Unloading class 0x000001fc0139c800 'java/lang/invoke/LambdaForm$MH+0x000001fc0139c800'
Event: 92.298 Thread 0x000001fc72ce8210 Unloading class 0x000001fc0139c400 'java/lang/invoke/LambdaForm$MH+0x000001fc0139c400'
Event: 92.298 Thread 0x000001fc72ce8210 Unloading class 0x000001fc0139c000 'jdk/internal/reflect/GeneratedConstructorAccessor7'
Event: 92.298 Thread 0x000001fc72ce8210 Unloading class 0x000001fc0128d400 'java/lang/invoke/LambdaForm$MH+0x000001fc0128d400'
Event: 92.298 Thread 0x000001fc72ce8210 Unloading class 0x000001fc0128d000 'java/lang/invoke/LambdaForm$MH+0x000001fc0128d000'
Event: 92.298 Thread 0x000001fc72ce8210 Unloading class 0x000001fc0128cc00 'java/lang/invoke/LambdaForm$MH+0x000001fc0128cc00'
Event: 92.298 Thread 0x000001fc72ce8210 Unloading class 0x000001fc0128c800 'java/lang/invoke/LambdaForm$MH+0x000001fc0128c800'
Event: 92.298 Thread 0x000001fc72ce8210 Unloading class 0x000001fc0128c400 'java/lang/invoke/LambdaForm$MH+0x000001fc0128c400'
Event: 92.298 Thread 0x000001fc72ce8210 Unloading class 0x000001fc0128c000 'java/lang/invoke/LambdaForm$MH+0x000001fc0128c000'
Event: 92.298 Thread 0x000001fc72ce8210 Unloading class 0x000001fc0120ac00 'java/lang/invoke/LambdaForm$MH+0x000001fc0120ac00'
Event: 92.298 Thread 0x000001fc72ce8210 Unloading class 0x000001fc0120a800 'java/lang/invoke/LambdaForm$MH+0x000001fc0120a800'
Event: 92.298 Thread 0x000001fc72ce8210 Unloading class 0x000001fc0111a000 'java/lang/invoke/LambdaForm$MH+0x000001fc0111a000'
Event: 92.298 Thread 0x000001fc72ce8210 Unloading class 0x000001fc01119c00 'java/lang/invoke/LambdaForm$MH+0x000001fc01119c00'
Event: 92.298 Thread 0x000001fc72ce8210 Unloading class 0x000001fc01118000 'java/lang/invoke/LambdaForm$MH+0x000001fc01118000'

Classes redefined (0 events):
No events

Internal exceptions (20 events):
Event: 12.144 Thread 0x000001fc5b384fe0 Exception <a 'java/lang/NoSuchMethodError'{0x000000071bd1c5e8}: 'java.lang.Object java.lang.invoke.DirectMethodHandle$Holder.invokeInterface(java.lang.Object, java.lang.Object, int)'> (0x000000071bd1c5e8) 
thrown [s\open\src\hotspot\share\interpreter\linkResolver.cpp, line 759]
Event: 13.298 Thread 0x000001fc5b384fe0 Exception <a 'java/lang/IncompatibleClassChangeError'{0x000000071ac30d10}: Found class java.lang.Object, but interface was expected> (0x000000071ac30d10) 
thrown [s\open\src\hotspot\share\interpreter\linkResolver.cpp, line 826]
Event: 14.809 Thread 0x000001fc5b384fe0 Exception <a 'sun/nio/fs/WindowsException'{0x000000071f4ee310}> (0x000000071f4ee310) 
thrown [s\open\src\hotspot\share\prims\jni.cpp, line 516]
Event: 14.842 Thread 0x000001fc5b384fe0 Exception <a 'java/lang/NoSuchMethodError'{0x000000071e7949c8}: 'java.lang.Object java.lang.invoke.DirectMethodHandle$Holder.invokeVirtual(java.lang.Object, java.lang.Object, java.lang.Object, int)'> (0x000000071e7949c8) 
thrown [s\open\src\hotspot\share\interpreter\linkResolver.cpp, line 759]
Event: 14.860 Thread 0x000001fc5b384fe0 Exception <a 'java/lang/NoSuchMethodError'{0x000000071e2f3d20}: 'java.lang.Object java.lang.invoke.DirectMethodHandle$Holder.invokeVirtual(java.lang.Object, java.lang.Object, int)'> (0x000000071e2f3d20) 
thrown [s\open\src\hotspot\share\interpreter\linkResolver.cpp, line 759]
Event: 14.916 Thread 0x000001fc5b384fe0 Exception <a 'java/lang/IncompatibleClassChangeError'{0x000000071da27cd8}: Found class java.lang.Object, but interface was expected> (0x000000071da27cd8) 
thrown [s\open\src\hotspot\share\interpreter\linkResolver.cpp, line 826]
Event: 15.018 Thread 0x000001fc5b384fe0 Exception <a 'java/lang/IncompatibleClassChangeError'{0x000000071ca82ee0}: Found class java.lang.Object, but interface was expected> (0x000000071ca82ee0) 
thrown [s\open\src\hotspot\share\interpreter\linkResolver.cpp, line 826]
Event: 15.373 Thread 0x000001fc5b384fe0 Exception <a 'java/lang/NoSuchMethodError'{0x000000071f8bc2e8}: 'java.lang.Object java.lang.invoke.DirectMethodHandle$Holder.newInvokeSpecial(java.lang.Object, java.lang.Object, int, java.lang.Object, java.lang.Object)'> (0x000000071f8bc2e8) 
thrown [s\open\src\hotspot\share\interpreter\linkResolver.cpp, line 759]
Event: 15.373 Thread 0x000001fc5b384fe0 Exception <a 'java/lang/NoSuchMethodError'{0x000000071f8c0498}: 'java.lang.Object java.lang.invoke.DirectMethodHandle$Holder.invokeSpecial(java.lang.Object, java.lang.Object, java.lang.Object, int, java.lang.Object, java.lang.Object)'> (0x000000071f8c0498) 
thrown [s\open\src\hotspot\share\interpreter\linkResolver.cpp, line 759]
Event: 85.280 Thread 0x000001fc7e1cad30 Exception <a 'java/lang/NoSuchMethodError'{0x000000071f22d5c0}: 'java.lang.Object java.lang.invoke.DirectMethodHandle$Holder.invokeStaticInit(java.lang.Object, java.lang.Object, java.lang.Object, int, int)'> (0x000000071f22d5c0) 
thrown [s\open\src\hotspot\share\interpreter\linkResolver.cpp, line 759]
Event: 85.300 Thread 0x000001fc7e1cbc60 Exception <a 'java/lang/NoSuchMethodError'{0x000000071edcefa8}: 'java.lang.Object java.lang.invoke.DirectMethodHandle$Holder.invokeSpecial(java.lang.Object, java.lang.Object, java.lang.Object, java.lang.Object, java.lang.Object, long)'> (0x000000071edcefa8) 
thrown [s\open\src\hotspot\share\interpreter\linkResolver.cpp, line 759]
Event: 85.300 Thread 0x000001fc7e1cbc60 Exception <a 'java/lang/NoSuchMethodError'{0x000000071edd29e8}: 'java.lang.Object java.lang.invoke.Invokers$Holder.linkToTargetMethod(java.lang.Object, java.lang.Object, java.lang.Object, long, java.lang.Object)'> (0x000000071edd29e8) 
thrown [s\open\src\hotspot\share\interpreter\linkResolver.cpp, line 759]
Event: 85.353 Thread 0x000001fc7e1cbc60 Exception <a 'java/lang/NoSuchMethodError'{0x000000071e9bc5c0}: 'java.lang.Object java.lang.invoke.DirectMethodHandle$Holder.invokeStatic(java.lang.Object, java.lang.Object, java.lang.Object, java.lang.Object, java.lang.Object, java.lang.Object, java.lang.Object, java.lang.Object, java.lang.Object, java.lang.Object, int)'> (0x000000071e9bc5c0) 
thrown [s\open\src\hotspot\share\interpreter\linkResolver.cpp, line 759]
Event: 85.353 Thread 0x000001fc7e1cbc60 Exception <a 'java/lang/NoSuchMethodError'{0x000000071e9c8a08}: 'java.lang.Object java.lang.invoke.DirectMethodHandle$Holder.invokeStatic(java.lang.Object, java.lang.Object, java.lang.Object, java.lang.Object, java.lang.Object, java.lang.Object, java.lang.Object, java.lang.Object, java.lang.Object, java.lang.Object, java.lang.Object, int)'> (0x000000071e9c8a08) 
thrown [s\open\src\hotspot\share\interpreter\linkResolver.cpp, line 759]
Event: 85.353 Thread 0x000001fc7e1cbc60 Exception <a 'java/lang/NoSuchMethodError'{0x000000071e9d7860}: 'java.lang.Object java.lang.invoke.DirectMethodHandle$Holder.invokeStatic(java.lang.Object, java.lang.Object, java.lang.Object, java.lang.Object, java.lang.Object, java.lang.Object, java.lang.Object, java.lang.Object, java.lang.Object, int)'> (0x000000071e9d7860) 
thrown [s\open\src\hotspot\share\interpreter\linkResolver.cpp, line 759]
Event: 85.373 Thread 0x000001fc7e1cbc60 Exception <a 'java/lang/NoSuchMethodError'{0x000000071e788c88}: 'java.lang.Object java.lang.invoke.DirectMethodHandle$Holder.newInvokeSpecial(java.lang.Object, java.lang.Object, int, int)'> (0x000000071e788c88) 
thrown [s\open\src\hotspot\share\interpreter\linkResolver.cpp, line 759]
Event: 85.373 Thread 0x000001fc7e1cbc60 Exception <a 'java/lang/NoSuchMethodError'{0x000000071e78d240}: 'java.lang.Object java.lang.invoke.DirectMethodHandle$Holder.invokeSpecial(java.lang.Object, java.lang.Object, java.lang.Object, int, int)'> (0x000000071e78d240) 
thrown [s\open\src\hotspot\share\interpreter\linkResolver.cpp, line 759]
Event: 85.879 Thread 0x000001fc7e1cbc60 Exception <a 'java/lang/IncompatibleClassChangeError'{0x000000071fa0b080}: Found class java.lang.Object, but interface was expected> (0x000000071fa0b080) 
thrown [s\open\src\hotspot\share\interpreter\linkResolver.cpp, line 826]
Event: 86.166 Thread 0x000001fc7e1cbc60 Exception <a 'java/lang/NoSuchMethodError'{0x000000072de783f0}: 'java.lang.Object java.lang.invoke.DirectMethodHandle$Holder.newInvokeSpecial(java.lang.Object, java.lang.Object, int, java.lang.Object, java.lang.Object, java.lang.Object)'> (0x000000072de783f0) 
thrown [s\open\src\hotspot\share\interpreter\linkResolver.cpp, line 759]
Event: 86.166 Thread 0x000001fc7e1cbc60 Exception <a 'java/lang/NoSuchMethodError'{0x000000072de80158}: 'java.lang.Object java.lang.invoke.Invokers$Holder.linkToTargetMethod(java.lang.Object, int, java.lang.Object, java.lang.Object, java.lang.Object, java.lang.Object)'> (0x000000072de80158) 
thrown [s\open\src\hotspot\share\interpreter\linkResolver.cpp, line 759]

VM Operations (20 events):
Event: 88.458 Executing VM operation: HandshakeAllThreads done
Event: 89.065 Executing VM operation: G1CollectForAllocation
Event: 89.074 Executing VM operation: G1CollectForAllocation done
Event: 89.738 Executing VM operation: G1CollectForAllocation
Event: 89.746 Executing VM operation: G1CollectForAllocation done
Event: 90.350 Executing VM operation: G1CollectForAllocation
Event: 90.357 Executing VM operation: G1CollectForAllocation done
Event: 90.671 Executing VM operation: G1CollectForAllocation
Event: 90.682 Executing VM operation: G1CollectForAllocation done
Event: 90.917 Executing VM operation: G1CollectForAllocation
Event: 90.922 Executing VM operation: G1CollectForAllocation done
Event: 91.287 Executing VM operation: G1CollectForAllocation
Event: 91.291 Executing VM operation: G1CollectForAllocation done
Event: 91.657 Executing VM operation: G1CollectForAllocation
Event: 91.662 Executing VM operation: G1CollectForAllocation done
Event: 92.005 Executing VM operation: G1CollectForAllocation
Event: 92.015 Executing VM operation: G1CollectForAllocation done
Event: 92.169 Executing VM operation: G1CollectForAllocation
Event: 92.176 Executing VM operation: G1CollectForAllocation done
Event: 92.296 Executing VM operation: G1Concurrent

Events (20 events):
Event: 85.379 Thread 0x000001fc72d19bc0 flushing nmethod 0x000001fc645b6510
Event: 85.379 Thread 0x000001fc72d19bc0 flushing nmethod 0x000001fc645b7b10
Event: 85.380 Thread 0x000001fc72d19bc0 flushing nmethod 0x000001fc64663210
Event: 85.621 Thread 0x000001fc79df7880 Thread added: 0x000001fc79df7880
Event: 85.621 Thread 0x000001fc5b391f90 Thread added: 0x000001fc5b391f90
Event: 85.621 loading class jdk/internal/reflect/UnsafeIntegerFieldAccessorImpl
Event: 85.622 loading class jdk/internal/reflect/UnsafeIntegerFieldAccessorImpl done
Event: 85.630 Thread 0x000001fc5b3924b0 Thread added: 0x000001fc5b3924b0
Event: 85.809 Thread 0x000001fc736275f0 Thread added: 0x000001fc736275f0
Event: 85.821 Thread 0x000001fc5b38f6d0 Thread added: 0x000001fc5b38f6d0
Event: 85.882 loading class java/util/function/LongSupplier
Event: 85.882 loading class java/util/function/LongSupplier done
Event: 88.075 Thread 0x000001fc5b38f6d0 Thread exited: 0x000001fc5b38f6d0
Event: 88.075 Thread 0x000001fc736275f0 Thread exited: 0x000001fc736275f0
Event: 89.006 Thread 0x000001fc5b3924b0 Thread exited: 0x000001fc5b3924b0
Event: 89.587 Thread 0x000001fc5b391f90 Thread exited: 0x000001fc5b391f90
Event: 89.942 Thread 0x000001fc79df7880 Thread exited: 0x000001fc79df7880
Event: 90.682 Thread 0x000001fc7e1cd0a0 Thread exited: 0x000001fc7e1cd0a0
Event: 90.682 Thread 0x000001fc7840f830 Thread exited: 0x000001fc7840f830
Event: 90.682 Thread 0x000001fc7e1d0340 Thread exited: 0x000001fc7e1d0340


Dynamic libraries:
0x00007ff7d7c20000 - 0x00007ff7d7c30000 	C:\Program Files\Java\jdk-17\bin\javaw.exe
0x00007ffa7a4f0000 - 0x00007ffa7a707000 	C:\Windows\SYSTEM32\ntdll.dll
0x00007ffa78df0000 - 0x00007ffa78eb4000 	C:\Windows\System32\KERNEL32.DLL
0x00007ffa77930000 - 0x00007ffa77cdd000 	C:\Windows\System32\KERNELBASE.dll
0x00007ffa77d10000 - 0x00007ffa77e21000 	C:\Windows\System32\ucrtbase.dll
0x00007ffa6cf20000 - 0x00007ffa6cf3b000 	C:\Program Files\Java\jdk-17\bin\VCRUNTIME140.dll
0x00007ffa5fd30000 - 0x00007ffa5fd49000 	C:\Program Files\Java\jdk-17\bin\jli.dll
0x00007ffa79400000 - 0x00007ffa794b2000 	C:\Windows\System32\ADVAPI32.dll
0x00007ffa792a0000 - 0x00007ffa79347000 	C:\Windows\System32\msvcrt.dll
0x00007ffa79350000 - 0x00007ffa793f9000 	C:\Windows\System32\sechost.dll
0x00007ffa77ce0000 - 0x00007ffa77d08000 	C:\Windows\System32\bcrypt.dll
0x00007ffa78ec0000 - 0x00007ffa78fd4000 	C:\Windows\System32\RPCRT4.dll
0x00007ffa782b0000 - 0x00007ffa7845e000 	C:\Windows\System32\USER32.dll
0x00007ffa78200000 - 0x00007ffa78226000 	C:\Windows\System32\win32u.dll
0x00007ffa794c0000 - 0x00007ffa794e9000 	C:\Windows\System32\GDI32.dll
0x00007ffa5ca20000 - 0x00007ffa5ccb3000 	C:\Windows\WinSxS\amd64_microsoft.windows.common-controls_6595b64144ccf1df_6.0.22621.3672_none_2713b9d173822955\COMCTL32.dll
0x00007ffa78020000 - 0x00007ffa78139000 	C:\Windows\System32\gdi32full.dll
0x00007ffa77820000 - 0x00007ffa778ba000 	C:\Windows\System32\msvcp_win.dll
0x00007ffa6f560000 - 0x00007ffa6f56a000 	C:\Windows\SYSTEM32\VERSION.dll
0x00007ffa78c20000 - 0x00007ffa78c51000 	C:\Windows\System32\IMM32.DLL
0x00007ffa6f730000 - 0x00007ffa6f73c000 	C:\Program Files\Java\jdk-17\bin\vcruntime140_1.dll
0x00007ffa414b0000 - 0x00007ffa4153e000 	C:\Program Files\Java\jdk-17\bin\msvcp140.dll
0x00007ff9e8ed0000 - 0x00007ff9e9ab0000 	C:\Program Files\Java\jdk-17\bin\server\jvm.dll
0x00007ffa78bb0000 - 0x00007ffa78bb8000 	C:\Windows\System32\PSAPI.DLL
0x00007ffa6ee80000 - 0x00007ffa6eeb4000 	C:\Windows\SYSTEM32\WINMM.dll
0x00007ffa60c50000 - 0x00007ffa60c59000 	C:\Windows\SYSTEM32\WSOCK32.dll
0x00007ffa79ad0000 - 0x00007ffa79b41000 	C:\Windows\System32\WS2_32.dll
0x00007ffa76880000 - 0x00007ffa76898000 	C:\Windows\SYSTEM32\kernel.appcore.dll
0x00007ffa6eec0000 - 0x00007ffa6eeca000 	C:\Program Files\Java\jdk-17\bin\jimage.dll
0x00007ffa74ff0000 - 0x00007ffa75222000 	C:\Windows\SYSTEM32\DBGHELP.DLL
0x00007ffa78520000 - 0x00007ffa788a8000 	C:\Windows\System32\combase.dll
0x00007ffa78cb0000 - 0x00007ffa78d87000 	C:\Windows\System32\OLEAUT32.dll
0x00007ffa51930000 - 0x00007ffa51962000 	C:\Windows\SYSTEM32\dbgcore.DLL
0x00007ffa77e30000 - 0x00007ffa77eab000 	C:\Windows\System32\bcryptPrimitives.dll
0x00007ffa5fc50000 - 0x00007ffa5fc75000 	C:\Program Files\Java\jdk-17\bin\java.dll
0x00007ffa395d0000 - 0x00007ffa396a7000 	C:\Program Files\Java\jdk-17\bin\jsvml.dll
0x00007ffa79b50000 - 0x00007ffa7a3af000 	C:\Windows\System32\SHELL32.dll
0x00007ffa75720000 - 0x00007ffa7601c000 	C:\Windows\SYSTEM32\windows.storage.dll
0x00007ffa755e0000 - 0x00007ffa7571f000 	C:\Windows\SYSTEM32\wintypes.dll
0x00007ffa7a3b0000 - 0x00007ffa7a4a4000 	C:\Windows\System32\SHCORE.dll
0x00007ffa78bc0000 - 0x00007ffa78c1e000 	C:\Windows\System32\shlwapi.dll
0x00007ffa77750000 - 0x00007ffa77771000 	C:\Windows\SYSTEM32\profapi.dll
0x00007ffa5f730000 - 0x00007ffa5f749000 	C:\Program Files\Java\jdk-17\bin\net.dll
0x00007ffa72ed0000 - 0x00007ffa73006000 	C:\Windows\SYSTEM32\WINHTTP.dll
0x00007ffa76d60000 - 0x00007ffa76dc9000 	C:\Windows\system32\mswsock.dll
0x00007ffa5f580000 - 0x00007ffa5f596000 	C:\Program Files\Java\jdk-17\bin\nio.dll
0x00007ffa5f560000 - 0x00007ffa5f578000 	C:\Program Files\Java\jdk-17\bin\zip.dll
0x00007ffa762a0000 - 0x00007ffa76398000 	C:\Windows\SYSTEM32\DNSAPI.dll
0x00007ffa76270000 - 0x00007ffa7629d000 	C:\Windows\SYSTEM32\IPHLPAPI.DLL
0x00007ffa78910000 - 0x00007ffa78919000 	C:\Windows\System32\NSI.dll
0x00007ffa6f570000 - 0x00007ffa6f57a000 	C:\Windows\System32\rasadhlp.dll
0x00007ffa70e80000 - 0x00007ffa70f03000 	C:\Windows\System32\fwpuclnt.dll
0x00007ffa6eae0000 - 0x00007ffa6eaea000 	C:\Program Files\Java\jdk-17\bin\management.dll
0x00007ffa62c70000 - 0x00007ffa62c7b000 	C:\Program Files\Java\jdk-17\bin\management_ext.dll
0x00007ffa770b0000 - 0x00007ffa770cb000 	C:\Windows\SYSTEM32\CRYPTSP.dll
0x00007ffa767e0000 - 0x00007ffa76815000 	C:\Windows\system32\rsaenh.dll
0x00007ffa76e00000 - 0x00007ffa76e28000 	C:\Windows\SYSTEM32\USERENV.dll
0x00007ffa77090000 - 0x00007ffa7709c000 	C:\Windows\SYSTEM32\CRYPTBASE.dll
0x00007ffa72c90000 - 0x00007ffa72ca9000 	C:\Windows\SYSTEM32\dhcpcsvc6.DLL
0x00007ffa727e0000 - 0x00007ffa727ff000 	C:\Windows\SYSTEM32\dhcpcsvc.DLL
0x00007ffa2d2d0000 - 0x00007ffa2d2e7000 	C:\Windows\system32\napinsp.dll
0x00007ffa2d2b0000 - 0x00007ffa2d2cb000 	C:\Windows\system32\pnrpnsp.dll
0x00007ffa2d290000 - 0x00007ffa2d2a1000 	C:\Windows\System32\winrnr.dll
0x00007ffa6f300000 - 0x00007ffa6f315000 	C:\Windows\system32\wshbth.dll
0x00007ffa2d260000 - 0x00007ffa2d287000 	C:\Windows\system32\nlansp_c.dll
0x00007ffa62670000 - 0x00007ffa6267e000 	C:\Program Files\Java\jdk-17\bin\sunmscapi.dll
0x00007ffa77eb0000 - 0x00007ffa78017000 	C:\Windows\System32\CRYPT32.dll
0x00007ffa771b0000 - 0x00007ffa771de000 	C:\Windows\SYSTEM32\ncrypt.dll
0x00007ffa77170000 - 0x00007ffa771a7000 	C:\Windows\SYSTEM32\NTASN1.dll
0x00007ffa6cf40000 - 0x00007ffa6cf48000 	C:\Windows\system32\wshunix.dll

dbghelp: loaded successfully - version: 4.0.5 - missing functions: none
symbol engine: initialized successfully - sym options: 0x614 - pdb path: .;C:\Program Files\Java\jdk-17\bin;C:\Windows\SYSTEM32;C:\Windows\WinSxS\amd64_microsoft.windows.common-controls_6595b64144ccf1df_6.0.22621.3672_none_2713b9d173822955;C:\Program Files\Java\jdk-17\bin\server

VM Arguments:
jvm_args: -Dfile.encoding-UTF8 -Dspring.jmx.enabled=true -Dmanagement.endpoints.jmx.exposure.include=* -Dspring.application.admin.enabled=true -Dspring.output.ansi.enabled=always -XX:TieredStopAtLevel=1 -Dspring.boot.project.name=asm_gstn_return_db_store6_pre3 -Dfile.encoding=UTF-8 -Dstdout.encoding=UTF-8 -Dstderr.encoding=UTF-8 -XX:+ShowCodeDetailsInExceptionMessages 
java_command: com.deloitte.AsmEwayBillApplication
java_class_path (initial): D:\Project\workspace\workspace280126\asm_gstn_return_db_store6_pre3\target\classes;C:\Users\AIO16\.m2\repository\org\springframework\boot\spring-boot-starter-data-jpa\4.0.3\spring-boot-starter-data-jpa-4.0.3.jar;C:\Users\AIO16\.m2\repository\org\springframework\boot\spring-boot-starter\4.0.3\spring-boot-starter-4.0.3.jar;C:\Users\AIO16\.m2\repository\org\springframework\boot\spring-boot-starter-logging\4.0.3\spring-boot-starter-logging-4.0.3.jar;C:\Users\AIO16\.m2\repository\ch\qos\logback\logback-classic\1.5.32\logback-classic-1.5.32.jar;C:\Users\AIO16\.m2\repository\ch\qos\logback\logback-core\1.5.32\logback-core-1.5.32.jar;C:\Users\AIO16\.m2\repository\org\apache\logging\log4j\log4j-to-slf4j\2.25.3\log4j-to-slf4j-2.25.3.jar;C:\Users\AIO16\.m2\repository\org\slf4j\jul-to-slf4j\2.0.17\jul-to-slf4j-2.0.17.jar;C:\Users\AIO16\.m2\repository\org\springframework\boot\spring-boot-autoconfigure\4.0.3\spring-boot-autoconfigure-4.0.3.jar;C:\Users\AIO16\.m2\repository\jakarta\annotation\jakarta.annotation-api\3.0.0\jakarta.annotation-api-3.0.0.jar;C:\Users\AIO16\.m2\repository\org\yaml\snakeyaml\2.5\snakeyaml-2.5.jar;C:\Users\AIO16\.m2\repository\org\springframework\boot\spring-boot-starter-jdbc\4.0.3\spring-boot-starter-jdbc-4.0.3.jar;C:\Users\AIO16\.m2\repository\com\zaxxer\HikariCP\7.0.2\HikariCP-7.0.2.jar;C:\Users\AIO16\.m2\repository\org\springframework\boot\spring-boot-data-jpa\4.0.3\spring-boot-data-jpa-4.0.3.jar;C:\Users\AIO16\.m2\repository\org\springframework\boot\spring-boot-data-commons\4.0.3\spring-boot-data-commons-4.0.3.jar;C:\Users\AIO16\.m2\repository\org\springframework\boot\spring-boot-persistence\4.0.3\spring-boot-persistence-4.0.3.jar;C:\Users\AIO16\.m2\repository\org\springframework\data\spring-data-commons\4.0.3\spring-data-commons-4.0.3.jar;C:\Users\AIO16\.m2\repository\org\springframework\boot\spring-boot-hibernate\4.0.3\spring-boot-hibernate-4.0.3.jar;C:\Users\AIO16\.m2\repository\org\springframework\boot\spring-boot-jpa
Launcher Type: SUN_STANDARD

[Global flags]
     intx CICompilerCount                          = 12                                        {product} {ergonomic}
     uint ConcGCThreads                            = 4                                         {product} {ergonomic}
     uint G1ConcRefinementThreads                  = 15                                        {product} {ergonomic}
   size_t G1HeapRegionSize                         = 2097152                                   {product} {ergonomic}
    uintx GCDrainStackTargetSize                   = 64                                        {product} {ergonomic}
   size_t InitialHeapSize                          = 264241152                                 {product} {ergonomic}
   size_t MarkStackSize                            = 4194304                                   {product} {ergonomic}
   size_t MaxHeapSize                              = 4215275520                                {product} {ergonomic}
   size_t MaxNewSize                               = 2529165312                                {product} {ergonomic}
   size_t MinHeapDeltaBytes                        = 2097152                                   {product} {ergonomic}
   size_t MinHeapSize                              = 8388608                                   {product} {ergonomic}
    uintx NonProfiledCodeHeapSize                  = 0                                      {pd product} {ergonomic}
     bool ProfileInterpreter                       = false                                  {pd product} {command line}
    uintx ProfiledCodeHeapSize                     = 0                                      {pd product} {ergonomic}
     bool ShowCodeDetailsInExceptionMessages       = true                                   {manageable} {command line}
   size_t SoftMaxHeapSize                          = 4215275520                             {manageable} {ergonomic}
     intx TieredStopAtLevel                        = 1                                         {product} {command line}
     bool UseCompressedClassPointers               = true                           {product lp64_product} {ergonomic}
     bool UseCompressedOops                        = true                           {product lp64_product} {ergonomic}
     bool UseG1GC                                  = true                                      {product} {ergonomic}
     bool UseLargePagesIndividualAllocation        = false                                  {pd product} {ergonomic}

Logging:
Log output configuration:
 #0: stdout all=warning uptime,level,tags
 #1: stderr all=off uptime,level,tags

Environment Variables:
JAVA_HOME=C:\Program Files\Java\jdk1.8.0_202
JAVA_TOOL_OPTIONS=-Dfile.encoding-UTF8
PATH=D:/Project/sts-5.0.1.RELEASE//plugins/org.eclipse.justj.openjdk.hotspot.jre.full.win32.x86_64_25.0.1.v20251108-1451/jre/bin/server;D:/Project/sts-5.0.1.RELEASE//plugins/org.eclipse.justj.openjdk.hotspot.jre.full.win32.x86_64_25.0.1.v20251108-1451/jre/bin;C:\Program Files\Apache\Maven\apache-maven-3.9.14\bin;C:\Program Files\Java\jdk-17;C:\Program Files\Common Files\Oracle\Java\javapath;C:\Program Files (x86)\Common Files\Oracle\Java\java8path;C:\Program Files (x86)\Common Files\Oracle\Java\javapath;C:\Windows\system32;C:\Windows;C:\Windows\System32\Wbem;C:\Windows\System32\WindowsPowerShell\v1.0\;C:\Windows\System32\OpenSSH\;C:\Program Files\dotnet\;C:\Program Files\Git\cmd;C:\Program Files\nodejs\;C:\Users\AIO16\AppData\Local\Microsoft\WindowsApps;C:\Users\AIO16\AppData\Local\Programs\Microsoft VS Code\bin;C:\Users\AIO16\AppData\Local\GitHubDesktop\bin;C:\Users\AIO16\AppData\Roaming\npm;C:\Users\AIO16\AppData\Local\Programs\cursor\resources\app\bin;C:\Users\AIO16\AppData\Local\Programs\Antigravity IDE\bin;D:\Project\sts-5.0.1.RELEASE;
USERNAME=AIO16
OS=Windows_NT
PROCESSOR_IDENTIFIER=Intel64 Family 6 Model 191 Stepping 2, GenuineIntel



---------------  S Y S T E M  ---------------

OS:
 Windows 11 , 64 bit Build 22621 (10.0.22621.3672)
OS uptime: 2 days 15:55 hours
Hyper-V role detected

CPU: total 20 (initial active 20) (10 cores per cpu, 2 threads per core) family 6 model 191 stepping 2 microcode 0x3e, cx8, cmov, fxsr, ht, mmx, 3dnowpref, sse, sse2, sse3, ssse3, sse4.1, sse4.2, popcnt, lzcnt, tsc, tscinvbit, avx, avx2, aes, erms, clmul, bmi1, bmi2, adx, sha, fma, vzeroupper, clflush, clflushopt, clwb, hv

Memory: 4k page, system-wide physical 16072M (631M free)
TotalPageFile size 32456M (AvailPageFile size 268M)
current process WorkingSet (physical memory assigned to process): 1100M, peak: 1100M
current process commit charge ("private bytes"): 1204M, peak: 1538M

vm_info: Java HotSpot(TM) 64-Bit Server VM (17.0.12+8-LTS-286) for windows-amd64 JRE (17.0.12+8-LTS-286), built on Jun  5 2024 06:46:59 by "mach5one" with MS VC++ 17.6 (VS2022)

END.
